gothic_group;Gothic;;;;;;;;;;x;;;;
gautes;Gautès;;;;;;;;;;x;;;;
gothi;Old Gothic;;;;;;;;;;x;;;;
gothonian;Gautunhès;;;;;;;;;;x;;;;
sardinian;Sardenhòl;;;;;;;;;;x;;;;
colonial_gothic_cultures;Nau Mundés;;;;;;;;;;x;;;;
nauva_gautes;Nauva Gautès;;;;;;;;;;x;;;;
missorian;Missorian;;;;;;;;;;x;;;;
armorichul;Armorichul;;;;;;;;;;x;;;;
gothiolan;Gothiolan;;;;;;;;;;x;;;;
appalachier;Appalachiér;;;;;;;;;;x;;;;
andes;Andès;;;;;;;;;;x;;;;
centremerican;Figuyeran;;;;;;;;;;x;;;;
equinoccian;Equinoctialan;;;;;;;;;;x;;;;
neo_armorican;Néo-Armorican;;;;;;;;;;x;;;;
brithenig_group;Britanno-Romance;;;;;;;;;;x;;;;
brithenig;Brithenig;;;;;;;;;;x;;;;
brythonic;Brythonic;;;;;;;;;;x;;;;
hibernaidd;Hibernaidd;;;;;;;;;;x;;;;
albann;Albann;;;;;;;;;;x;;;;
mixtician;Mixtician;;;;;;;;;;x;;;;
pequot;Pequot;;;;;;;;;;x;;;;
mississippian;Mississippian;;;;;;;;;;x;;;;
gallic_group;Gallic;;;;;;;;;;x;;;;
gallic;Gallic;;;;;;;;;;x;;;;
hispanian_group;Hispani;;;;;;;;;;x;;;;
hispanian;Hispanian;;;;;;;;;;x;;;;
gallaecian;Gallaecian;;;;;;;;;;x;;;;
lusitanian;Lusitanian;;;;;;;;;;x;;;;
britto_american_cultures;Britto-American;;;;;;;;;;x;;;;
valentinian;Valentinian;;;;;;;;;;x;;;;
guianuis;Guianuis;;;;;;;;;;x;;;;
avallonian;Avallonian;;;;;;;;;;x;;;;
sanctacrucian;Sanctacrucian;;;;;;;;;;x;;;;
patagwnuis;Patagwnuis;;;;;;;;;;x;;;;
arientig;Arientig;;;;;;;;;;x;;;;
punentine;Punentine;;;;;;;;;;x;;;;
brasilian;Brasilian;;;;;;;;;;x;;;;
africanu;Africanu;;;;;;;;;;x;;;;
mauri;Mauri;;;;;;;;;;x;;;;
cartagginiani;Cartagginiani;;;;;;;;;;x;;;;
piedmontese_italian;Italian;;;;;;;;;;x;;;;
taurinjeis;Taurinjèis;;;;;;;;;;x;;;;
romandeis;Romandèis;;;;;;;;;;x;;;;
neapolitan;Neapolitan;;;;;;;;;;x;;;;
dalmatian;Dalmatian;;;;;;;;;;x;;;;
vlach;Vlach;;;;;;;;;;x;;;;
thracian;Thracian;;;;;;;;;;x;;;;
dacian;Dacian;;;;;;;;;;x;;;;
sklavenoi;Sklavenoi;;;;;;;;;;x;;;;
macedonian;Macedonian;;;;;;;;;;x;;;;
carantanian;Carantanian;;;;;;;;;;x;;;;
sorbian;Sorbian;;;;;;;;;;x;;;;
ruthene;Ruthene;;;;;;;;;;x;;;;
frankisch;Frankisch;;;;;;;;;;x;;;;
swabian;Swabian;;;;;;;;;;x;;;;
scythic;Scythic;;;;;;;;;;x;;;;
jasi;Jasi;;;;;;;;;;x;;;;
boyustaniy;Boyustaniy;;;;;;;;;;x;;;;
alan;Alan;;;;;;;;;;x;;;;
geatish;Geatish;;;;;;;;;;x;;;;
osterlander;Österlander;;;;;;;;;;x;;;;
nylander;Nylander;;;;;;;;;;x;;;;
vinlander;Vinlander;;;;;;;;;;x;;;;
vestindisk;Vestindisk;;;;;;;;;;x;;;;
turkic;Turkic;;;;;;;;;;x;;;;
bulgar;Bulgar;;;;;;;;;;x;;;;
uralic;Uralic;;;;;;;;;;x;;;;
mordvin;Mordvin;;;;;;;;;;x;;;;
liv;Liv;;;;;;;;;;x;;;;
samoyed;Samoyred;;;;;;;;;;x;;;;
asian_colonial;Neo-Oriental;;;;;;;;;;x;;;;
selatani;Selatani;;;;;;;;;;x;;;;
kaigaihito;Kaigaihito;;;;;;;;;;x;;;;
hispano_american;Hispano-American;;;;;;;;;;x;;;;
luso_charruan;Luso-Charruan;;;;;;;;;;x;;;;
bonaspesian;Bonaspesian;;;;;;;;;;x;;;;
bonaventuran;Bonaventuran;;;;;;;;;;x;;;;
afro_karibisk;Afro-Karibisk;;;;;;;;;;x;;;;
afro_antilhan;Afro-Antilhan;;;;;;;;;;x;;;;
kilombuis;Kilombuis;;;;;;;;;;x;;;;
mon;Mon;;;;;;;;;;x;;;;
austronesian;Austronesian;;;;;;;;;;x;;;;
sibyllines;Sibyllinés;;;;;;;;;;x;;;;
orients;Orients;;;;;;;;;;x;;;;
pestemari;Pestemari;;;;;;;;;;x;;;;
egyptiot;Egyptiot;;;;;;;;;;x;;;;
conciliarist;Conciliarist;;;;;;;;;;x;;;;
reformed;Reformed;;;;;;;;;;x;;;;
gnostic;Gnostic;;;;;;;;;;x;;;;
zoroastrian;Zoroastrian;;;;;;;;;;x;;;;
manichee;Manichee;;;;;;;;;;x;;;;
;;;;;;;;;;;x;;;;
AEG;Aegean Islands;;;;;;;;;;x;;;;
AEG_ADJ;Aegean;;;;;;;;;;x;;;;
AEG_absolute_monarchy;Aegean Duchy;;;;;;;;;;x;;;;
AEG_prussian_constitutionalism;Aegean Duchy;;;;;;;;;;x;;;;
AEG_hms_government;Aegean Duchy;;;;;;;;;;x;;;;
AEG_democracy;Aegean Republic;;;;;;;;;;x;;;;
AEG_presidential_dictatorship;Aegean State;;;;;;;;;;x;;;;
AEG_bourgeois_dictatorship;Aegean Republic;;;;;;;;;;x;;;;
AEG_proletarian_dictatorship;Aegean Union;;;;;;;;;;x;;;;
AEG_proletarian_republic;United Aegean Communes;;;;;;;;;;x;;;;
AEG_fascist_dictatorship;Aegean State;;;;;;;;;;x;;;;
AEG_liberal;Liberal Party;;;;;;;;;;x;;;;
AEG_anarcho_liberal;Radical Party;;;;;;;;;;x;;;;
AEG_conservative;Conservative Party;;;;;;;;;;x;;;;
AEG_reactionary;National Union;;;;;;;;;;x;;;;
AEG_socialist;People's Party;;;;;;;;;;x;;;;
AEG_communist;Communist Party;;;;;;;;;;x;;;;
AEG_anarchist;Anarchists;;;;;;;;;;x;;;;
AEG_fascist;Fascist Party;;;;;;;;;;x;;;;
;;;;;;;;;;;x;;;;
ALN;Alania;;;;;;;;;;x;;;;
ALN_ADJ;Alania;;;;;;;;;;x;;;;
ALN_conservative;Agrarian Union;;;;;;;;;;x;;;;
ALN_reactionary;Loyal League;;;;;;;;;;x;;;;
ALN_liberal;Independence Party;;;;;;;;;;x;;;;
ALN_anarcho_liberal;Radical Reform Party;;;;;;;;;;x;;;;
ALN_socialist;Radical Peasants' Party;;;;;;;;;;x;;;;
ALN_communist;Communist Party of Alania;;;;;;;;;;x;;;;
ALN_fascist;Iryston Party;;;;;;;;;;x;;;;
ALN_anarchist;Alan Anarchists;;;;;;;;;;x;;;;
;;;;;;;;;;;x;;;;
ANC;Anáhuac;;;;;;;;;;x;;;;
ANC_ADJ;Anáhuacan;;;;;;;;;;x;;;;
ANC_conservative;Partit Union;;;;;;;;;;x;;;;
ANC_reactionary;Partit Nacional;;;;;;;;;;x;;;;
ANC_liberal;Partit Independéncia;;;;;;;;;;x;;;;
ANC_anarcho_liberal;Partit Revolució;;;;;;;;;;x;;;;
ANC_socialist;Lèga Populara;;;;;;;;;;x;;;;
ANC_communist;Partit Comunista;;;;;;;;;;x;;;;
ANC_fascist;Nau Front;;;;;;;;;;x;;;;
ANC_anarchist;Lèga Anarquista;;;;;;;;;;x;;;;
;;;;;;;;;;;x;;;;
ANT;Anatolia;;;;;;;;;;x;;;;
ANT_ADJ;Anatolian;;;;;;;;;;x;;;;
ANT_bourgeois_dictatorship;Anatolian Republic;;;;;;;;;;x;;;;
ANT_liberal;Demokrat Parti;;;;;;;;;;x;;;;
ANT_anarcho_liberal;Eshitlik Parti;;;;;;;;;;x;;;;
ANT_conservative;Muhafazakar Partisi;;;;;;;;;;x;;;;
ANT_reactionary;Millet Partisi;;;;;;;;;;x;;;;
ANT_socialist;Sosyalist Ishchi Federasyonu;;;;;;;;;;x;;;;
ANT_communist;Devrimci Halk Partisi;;;;;;;;;;x;;;;
ANT_fascist;Büyük Anadolu Partisi;;;;;;;;;;x;;;;
ANT_anarchist;Anarshistler;;;;;;;;;;x;;;;
;;;;;;;;;;;x;;;;
ARG;Terarient;;;;;;;;;;x;;;;
ARG_ADJ;Terarientine;;;;;;;;;;x;;;;
ARG_conservative;Party Ffederal;;;;;;;;;;x;;;;
ARG_reactionary;Party Newdinal;;;;;;;;;;x;;;;
ARG_liberal;Party Radicuil;;;;;;;;;;x;;;;
ARG_anarcho_liberal;Party Lliberdad;;;;;;;;;;x;;;;
ARG_socialist;Party Socialist;;;;;;;;;;x;;;;
ARG_communist;Party Comiwnist;;;;;;;;;;x;;;;
ARG_fascist;Party di llo Arientig;;;;;;;;;;x;;;;
ARG_anarchist;Party Anarcist;;;;;;;;;;x;;;;
;;;;;;;;;;;x;;;;
ARV;Arvernia;;;;;;;;;;x;;;;
ARV_ADJ;Arvernian;;;;;;;;;;x;;;;
ARV_liberal;Liberal Party;;;;;;;;;;x;;;;
ARV_anarcho_liberal;Radical Party;;;;;;;;;;x;;;;
ARV_conservative;Conservative Party;;;;;;;;;;x;;;;
ARV_reactionary;National Party;;;;;;;;;;x;;;;
ARV_socialist;Socialist Party;;;;;;;;;;x;;;;
ARV_communist;Communist Party;;;;;;;;;;x;;;;
ARV_fascist;Arvernian Unity Party;;;;;;;;;;x;;;;
ARV_anarchist;Anarchists;;;;;;;;;;x;;;;
;;;;;;;;;;;x;;;;
AVL;Avallonia;;;;;;;;;;x;;;;
AVL_ADJ;Avallonian;;;;;;;;;;x;;;;
AVL_conservative;Party Ffederal;;;;;;;;;;x;;;;
AVL_reactionary;Party Newdinal;;;;;;;;;;x;;;;
AVL_liberal;Party Radicuil;;;;;;;;;;x;;;;
AVL_anarcho_liberal;Party Lliberdad;;;;;;;;;;x;;;;
AVL_socialist;Party Socialist;;;;;;;;;;x;;;;
AVL_communist;Party Comiwnist;;;;;;;;;;x;;;;
AVL_fascist;Party di Avalon;;;;;;;;;;x;;;;
AVL_anarchist;Party Anarcist;;;;;;;;;;x;;;;
;;;;;;;;;;;x;;;;
BNG;Bengal;;;;;;;;;;x;;;;
BNG_ADJ;Bengali;;;;;;;;;;x;;;;
BNG_democracy;Bangladesh;;;;;;;;;;x;;;;
BNG_democracy_ADJ;Bangladeshi;;;;;;;;;;x;;;;
BNG_bourgeois_dictatorship;Bangladesh;;;;;;;;;;x;;;;
BNG_bourgeois_dictatorship_ADJ;Bangladeshi;;;;;;;;;;x;;;;
BNG_proletarian_dictatorship;Bangladesh;;;;;;;;;;x;;;;
BNG_proletarian_dictatorship_ADJ;Bangladeshi;;;;;;;;;;x;;;;
BNG_proletarian_republic;Bangladesh;;;;;;;;;;x;;;;
BNG_proletarian_republic_ADJ;Bangladeshi;;;;;;;;;;x;;;;
BNG_liberal;Congress Party;;;;;;;;;;x;;;;
BNG_anarcho_liberal;Awami League;;;;;;;;;;x;;;;
BNG_conservative;National Party;;;;;;;;;;x;;;;
BNG_reactionary;Nationalist Party;;;;;;;;;;x;;;;
BNG_socialist;Krishak Sramik Janata League;;;;;;;;;;x;;;;
BNG_communist;Bengali Workers Party;;;;;;;;;;x;;;;
BNG_fascist;Liberation League;;;;;;;;;;x;;;;
BNG_anarchist;People's Revolutionary League;;;;;;;;;;x;;;;
;;;;;;;;;;;x;;;;
BOY;Boyustan;;;;;;;;;;x;;;;
BOY_ADJ;Boyustanian;;;;;;;;;;x;;;;
BOY_conservative;Loyalist Union Party;;;;;;;;;;x;;;;
BOY_reactionary;United Nation Party;;;;;;;;;;x;;;;
BOY_liberal;Centrum Party;;;;;;;;;;x;;;;
BOY_anarcho_liberal;Radical Party;;;;;;;;;;x;;;;
BOY_socialist;Boyustan Socialist Party;;;;;;;;;;x;;;;
BOY_communist;Boyustan Communist Party;;;;;;;;;;x;;;;
BOY_fascist;Boyustan Front;;;;;;;;;;x;;;;
BOY_anarchist;Revolutionary Anarchists;;;;;;;;;;x;;;;
;;;;;;;;;;;x;;;;
BRZ;Brazil;;;;;;;;;;x;;;;
BRZ_ADJ;Brazilian;;;;;;;;;;x;;;;
BRZ_conservative;Party Conserfatiw;;;;;;;;;;x;;;;
BRZ_reactionary;Party Newdinal;;;;;;;;;;x;;;;
BRZ_liberal;Party Lliferthuil;;;;;;;;;;x;;;;
BRZ_anarcho_liberal;Party Radicuil;;;;;;;;;;x;;;;
BRZ_socialist;Party Socialist;;;;;;;;;;x;;;;
BRZ_communist;Party Comiwnist;;;;;;;;;;x;;;;
BRZ_fascist;Acies Newdinal;;;;;;;;;;x;;;;
BRZ_anarchist;Party Anarcist;;;;;;;;;;x;;;;
;;;;;;;;;;;x;;;;
BSP;Bonasperantia;;;;;;;;;;x;;;;
BSP_ADJ;Bonasperantine;;;;;;;;;;x;;;;
BSP_conservative;Factio Fidelis;;;;;;;;;;x;;;;
BSP_reactionary;Factio Lusitani;;;;;;;;;;x;;;;
BSP_liberal;Curiales;;;;;;;;;;x;;;;
BSP_anarcho_liberal;Populares;;;;;;;;;;x;;;;
BSP_socialist;Factio Plebes;;;;;;;;;;x;;;;
BSP_communist;Factio Communistica;;;;;;;;;;x;;;;
BSP_fascist;Imperiales;;;;;;;;;;x;;;;
BSP_anarchist;Anarchiatores;;;;;;;;;;x;;;;
;;;;;;;;;;;x;;;;
BUL;Bulgaria;;;;;;;;;;x;;;;
BUL_ADJ;Bulgarian;;;;;;;;;;x;;;;
BUL_conservative;Agrarian Union;;;;;;;;;;x;;;;
BUL_reactionary;Royalist Union;;;;;;;;;;x;;;;
BUL_liberal;Peasants' Party;;;;;;;;;;x;;;;
BUL_anarcho_liberal;People's Assembly;;;;;;;;;;x;;;;
BUL_socialist;Social Progress Union;;;;;;;;;;x;;;;
BUL_communist;Bulgarian Majoritarian Revolutionary Front;;;;;;;;;;x;;;;
BUL_fascist;National Union for Freedom;;;;;;;;;;x;;;;
BUL_anarchist;Anarchist Union;;;;;;;;;;x;;;;
;;;;;;;;;;;x;;;;
BVT;Bonaventura;;;;;;;;;;x;;;;
BVT_ADJ;Bonaventuran;;;;;;;;;;x;;;;
BVT_liberal;Liberal Party;;;;;;;;;;x;;;;
BVT_anarcho_liberal;Radical Republican Union;;;;;;;;;;x;;;;
BVT_conservative;Conservative Party;;;;;;;;;;x;;;;
BVT_reactionary;National Party;;;;;;;;;;x;;;;
BVT_socialist;Labor Party;;;;;;;;;;x;;;;
BVT_communist;Communist Party;;;;;;;;;;x;;;;
BVT_fascist;Fascist Party;;;;;;;;;;x;;;;
BVT_anarchist;Revolutionary Anarchists;;;;;;;;;;x;;;;
;;;;;;;;;;;x;;;;
BYC;Byzacena;;;;;;;;;;x;;;;
BYC_ADJ;Byzacenan;;;;;;;;;;x;;;;
BYC_proletarian_dictatorship;Commune of Adrumetu;;;;;;;;;;x;;;;
BYC_proletarian_dictatorship_ADJ;Hadrumetan;;;;;;;;;;x;;;;
BYC_proletarian_republic;Commune of Adrumetu;;;;;;;;;;x;;;;
BYC_proletarian_republic_ADJ;Hadrumetan;;;;;;;;;;x;;;;
BYC_liberal;Partitu Dimucrazzia?;;;;;;;;;;x;;;;
BYC_anarcho_liberal;Allianza Ripubbricani;;;;;;;;;;x;;;;
BYC_conservative;Partitu Byzacenana;;;;;;;;;;x;;;;
BYC_reactionary;Partitu Cristianu;;;;;;;;;;x;;;;
BYC_socialist;Muvimentu Suciali;;;;;;;;;;x;;;;
BYC_communist;Partitu Cumunista;;;;;;;;;;x;;;;
BYC_fascist;Frunti Cartagginu;;;;;;;;;;x;;;;
BYC_anarchist;Muvimentu Anarcista;;;;;;;;;;x;;;;
;;;;;;;;;;;x;;;;
BYZ;Rum;;;;;;;;;;x;;;;
BYZ_ADJ;Rumite;;;;;;;;;;x;;;;
BYZ_absolute_monarchy;Rum;;;;;;;;;;x;;;;
BYZ_absolute_monarchy_ADJ;Rumite;;;;;;;;;;x;;;;
BYZ_prussian_constitutionalism;Rum;;;;;;;;;;x;;;;
BYZ_prussian_constitutionalism_ADJ;Rumite;;;;;;;;;;x;;;;
BYZ_hms_government;Rum;;;;;;;;;;x;;;;
BYZ_hms_government_ADJ;Rumite;;;;;;;;;;x;;;;
BYZ_democracy;Melitene Republic;;;;;;;;;;x;;;;
BYZ_democracy_ADJ;Melitene;;;;;;;;;;x;;;;
BYZ_proletarian_dictatorship;Melitene Commune;;;;;;;;;;x;;;;
BYZ_proletarian_dictatorship_ADJ;Melitene;;;;;;;;;;x;;;;
BYZ_proletarian_republic;Melitene Commune;;;;;;;;;;x;;;;
BYZ_proletarian_republic_ADJ;Melitene;;;;;;;;;;x;;;;
BYZ_bourgeois_dictatorship;Melitene Republic;;;;;;;;;;x;;;;
BYZ_bourgeois_dictatorship_ADJ;Melitene;;;;;;;;;;x;;;;
BYZ_fascist_dictatorship;Directorate of Rum;;;;;;;;;;x;;;;
BYZ_fascist_dictatorship_ADJ;Rumite;;;;;;;;;;x;;;;
BYZ_liberal;Reform Party;;;;;;;;;;x;;;;
BYZ_anarcho_liberal;Tribunes of the People;;;;;;;;;;x;;;;
BYZ_conservative;Loyalist Party;;;;;;;;;;x;;;;
BYZ_reactionary;Roman Party;;;;;;;;;;x;;;;
BYZ_socialist;Plebeian Party;;;;;;;;;;x;;;;
BYZ_communist;Revolutionary Action Party;;;;;;;;;;x;;;;
BYZ_fascist;Eagle's Party;;;;;;;;;;x;;;;
BYZ_anarchist;People's Anarchist League;;;;;;;;;;x;;;;
;;;;;;;;;;;x;;;;
CAG;Caesaraugustanus;;;;;;;;;;x;;;;
CAG_ADJ;Caesaraugustanic;;;;;;;;;;x;;;;
CAG_conservative;Factio Fidelis;;;;;;;;;;x;;;;
CAG_reactionary;Factio Caesaraugusti;;;;;;;;;;x;;;;
CAG_liberal;Curiales;;;;;;;;;;x;;;;
CAG_anarcho_liberal;Comitia Caesaraugustana;;;;;;;;;;x;;;;
CAG_socialist;Factio Plebes;;;;;;;;;;x;;;;
CAG_communist;Factio Communistica;;;;;;;;;;x;;;;
CAG_fascist;Factio Caesariani;;;;;;;;;;x;;;;
CAG_anarchist;Anarchiatores;;;;;;;;;;x;;;;
;;;;;;;;;;;x;;;;
CHI;China;;;;;;;;;;x;;;;
CHI_ADJ;Chinese;;;;;;;;;;x;;;;
CHI_absolute_monarchy;Dazhou Empire;;;;;;;;;;x;;;;
CHI_prussian_constitutionalism;Dazhou Empire;;;;;;;;;;x;;;;
CHI_hms_government;Dazhou Empire;;;;;;;;;;x;;;;
CHI_anarchist;Natural Justice Association;;;;;;;;;;x;;;;
;;;;;;;;;;;x;;;;
CHK;Chukchi;;;;;;;;;;x;;;;
CHK_ADJ;Chukchi;;;;;;;;;;x;;;;
CHK_liberal;Reformists;;;;;;;;;;x;;;;
CHK_anarcho_liberal;Radicals;;;;;;;;;;x;;;;
CHK_conservative;Traditionalists;;;;;;;;;;x;;;;
CHK_reactionary;Reactionaries;;;;;;;;;;x;;;;
CHK_socialist;Socialists;;;;;;;;;;x;;;;
CHK_communist;Communists;;;;;;;;;;x;;;;
CHK_anarchist;Anarchists;;;;;;;;;;x;;;;
CHK_fascist;Fascists;;;;;;;;;;x;;;;
;;;;;;;;;;;x;;;;
CHL;Chili;;;;;;;;;;x;;;;
CHL_ADJ;Chilian;;;;;;;;;;x;;;;
CHL_liberal;Factio Independtia;;;;;;;;;;x;;;;
CHL_anarcho_liberal;Populares;;;;;;;;;;x;;;;
CHL_conservative;Factio Chilia;;;;;;;;;;x;;;;
CHL_reactionary;Optimates;;;;;;;;;;x;;;;
CHL_socialist;Factio Socialista;;;;;;;;;;x;;;;
CHL_communist;Factio Communista;;;;;;;;;;x;;;;
CHL_anarchist;Faction Anarchista;;;;;;;;;;x;;;;
;;;;;;;;;;;x;;;;
CHR;Charcas;;;;;;;;;;x;;;;
CHR_ADJ;Charcan;;;;;;;;;;x;;;;
CHR_conservative;Partit Conservador;;;;;;;;;;x;;;;
CHR_reactionary;Partit Nacional;;;;;;;;;;x;;;;
CHR_liberal;Partit Liberal;;;;;;;;;;x;;;;
CHR_liberal_2;Partit Liberal;;;;;;;;;;x;;;;
CHR_anarcho_liberal;Partit Republican;;;;;;;;;;x;;;;
CHR_socialist;Partit Socialista;;;;;;;;;;x;;;;
CHR_communist;Partit Comunista;;;;;;;;;;x;;;;
CHR_fascist;Partit Faissista;;;;;;;;;;x;;;;
CHR_anarchist;Lèga Anarquista;;;;;;;;;;x;;;;
;;;;;;;;;;;x;;;;
CIR;Circassia;;;;;;;;;;x;;;;
CIR_ADJ;Circassian;;;;;;;;;;x;;;;
CIR_liberal;Liberal Party;;;;;;;;;;;;;x
CIR_conservative;Conservative Party;;;;;;;;;;;;;x
CIR_socialist;Socialist Party;;;;;;;;;;;;;x
CIR_reactionary;Nationalist Party;;;;;;;;;;;;;x
CIR_anarcho_liberal;Radical Party;;;;;;;;;;;;;x
CIR_communist;Communist Party;;;;;;;;;;;;;x
CIR_fascist;Fascist Party;;;;;;;;;;;;;x
CIR_anarchist;Revolutionary Anarchists;;;;;;;;;;;;;x
;;;;;;;;;;;x;;;;
CPT;Carpathia;;;;;;;;;;x;;;;
CPT_ADJ;Carpathian;;;;;;;;;;x;;;;
CPT_conservative;Conservatives;;;;;;;;;;x;;;;
CPT_reactionary;Loyalist Union;;;;;;;;;;x;;;;
CPT_liberal;Liberal Party of Carpathia;;;;;;;;;;x;;;;
CPT_anarcho_liberal;Carpathian Radicals;;;;;;;;;;x;;;;
CPT_socialist;Carpathian Socialists;;;;;;;;;;x;;;;
CPT_communist;Carpathian Council of Communist Parties;;;;;;;;;;x;;;;
CPT_fascist;Carpathia United;;;;;;;;;;x;;;;
CPT_anarchist;League of Anarchists;;;;;;;;;;x;;;;
;;;;;;;;;;;x;;;;
CUA;Charruan Confederacy;;;;;;;;;;x;;;;
CUA_ADJ;Charruan;;;;;;;;;;x;;;;
CUA_absolute_monarchy;Charruan Kingdom;;;;;;;;;;x;;;;
CUA_prussian_constitutionalism;Charruan Kingdom;;;;;;;;;;x;;;;
CUA_hms_government;Charruan Kingdom;;;;;;;;;;x;;;;
CUA_fascist_dictatorship;Charruan Nation;;;;;;;;;;x;;;;
CUA_anarcho_liberal;Radicals;;;;;;;;;;x;;;;
CUA_liberal;Liberals;;;;;;;;;;x;;;;
CUA_conservative;Conservatives;;;;;;;;;;x;;;;
CUA_reactionary;Optimates;;;;;;;;;;x;;;;
CUA_socialist;Socialists;;;;;;;;;;x;;;;
CUA_communist;Communists;;;;;;;;;;x;;;;
CUA_fascist;Fascists;;;;;;;;;;x;;;;
CUA_anarchist;Anarchist League;;;;;;;;;;x;;;;
;;;;;;;;;;;x;;;;
ECU;Equinòccialha;;;;;;;;;;x;;;;
ECU_hms_government;Terra Equinoxialis;;;;;;;;;;x;;;;
ECU_prussian_constitutionalism;Terra Equinoxialis;;;;;;;;;;x;;;;
ECU_absolute_monarchy;Terra Equinoxialis;;;;;;;;;;x;;;;
ECU_ADJ;Equinoxialian;;;;;;;;;;x;;;;
ECU_conservative;Partit Conservador;;;;;;;;;;x;;;;
ECU_reactionary;Partit Nacional;;;;;;;;;;x;;;;
ECU_liberal;Partit Liberal;;;;;;;;;;x;;;;
ECU_anarcho_liberal;Partit Republican;;;;;;;;;;x;;;;
ECU_socialist;Partit Socialista;;;;;;;;;;x;;;;
ECU_communist;Partit Comunista;;;;;;;;;;x;;;;
ECU_fascist;Partit Faissista;;;;;;;;;;x;;;;
ECU_anarchist;Lèga Anaquista;;;;;;;;;;x;;;;
;;;;;;;;;;;x;;;;
EGY;Egypt;;;;;;;;;;x;;;;
EGY_ADJ;Egyptian;;;;;;;;;;x;;;;
EGY_liberal;Liberal Party;;;;;;;;;;x;;;;
EGY_anarcho_liberal;Radical Party;;;;;;;;;;x;;;;
EGY_conservative;Conservative Party;;;;;;;;;;x;;;;
EGY_reactionary;National Party;;;;;;;;;;x;;;;
EGY_socialist;Socialist Party;;;;;;;;;;x;;;;
EGY_communist;Communist Party;;;;;;;;;;x;;;;
EGY_fascist;Fascist Party;;;;;;;;;;x;;;;
EGY_anarchist;Anarchist League;;;;;;;;;;x;;;;
;;;;;;;;;;;x;;;;
EPR;Epirus;;;;;;;;;;x;;;;
EPR_ADJ;Epirote;;;;;;;;;;x;;;;
EPR_liberal;Union of the Center;;;;;;;;;;x;;;;
EPR_anarcho_liberal;People's Rally;;;;;;;;;;x;;;;
EPR_conservative;Independent Union;;;;;;;;;;x;;;;
EPR_reactionary;Restorationist Party;;;;;;;;;;x;;;;
EPR_socialist;Workers' Party of Epirus;;;;;;;;;;x;;;;
EPR_communist;People's Party of Workers;;;;;;;;;;x;;;;
EPR_fascist;Molossian Party;;;;;;;;;;x;;;;
EPR_anarchist;Sons of Anarchy;;;;;;;;;;x;;;;
;;;;;;;;;;;x;;;;
FGY;Figuyèras;;;;;;;;;;x;;;;
FGY_ADJ;Figuyèran;;;;;;;;;;x;;;;
FGY_conservative;Partit Conservador;;;;;;;;;;x;;;;
FGY_reactionary;Partit Nacional;;;;;;;;;;x;;;;
FGY_liberal;Partit Liberal;;;;;;;;;;x;;;;
FGY_anarcho_liberal;Partit Republican;;;;;;;;;;x;;;;
FGY_socialist;Partit Socialista;;;;;;;;;;x;;;;
FGY_communist;Partit Comunista;;;;;;;;;;x;;;;
FGY_fascist;Partit Faissista;;;;;;;;;;x;;;;
FGY_anarchist;Lèga Anarquista;;;;;;;;;;x;;;;
;;;;;;;;;;;x;;;;
FLA;Flandés;;;;;;;;;;x;;;;
FLA_ADJ;Flemish;;;;;;;;;;x;;;;
FLA_liberal;Partit Liberal;;;;;;;;;;x;;;;
FLA_anarcho_liberal;Partit Radical;;;;;;;;;;x;;;;
FLA_conservative;Partit Conservador;;;;;;;;;;x;;;;
FLA_conservative_2;Partit Nacional;;;;;;;;;;x;;;;
FLA_reactionary;Partit Flandés;;;;;;;;;;x;;;;
FLA_socialist;Partit dels Trabalhardors;;;;;;;;;;x;;;;
FLA_communist;Partit Comunista;;;;;;;;;;x;;;;
FLA_fascist;Union Nacional de Flandés;;;;;;;;;;x;;;;
FLA_anarchist;Lèga Anarquista;;;;;;;;;;x;;;;
;;;;;;;;;;;x;;;;
FLO;Fulo;;;;;;;;;;x;;;;
FLO_ADJ;Fulo;;;;;;;;;;x;;;;
FLO_absolute_monarchy;Great Fulo;;;;;;;;;;x;;;;
FLO_absolute_monarchy_ADJ;Great Fulo;;;;;;;;;;x;;;;
FLO_fascist_dictatorship;Great Fulo;;;;;;;;;;x;;;;
FLO_fascist_dictatorship_ADJ;Great Fulo;;;;;;;;;;x;;;;
FLO_liberal;Reform Party;;;;;;;;;;x;;;;
FLO_anarcho_liberal;Radical Party;;;;;;;;;;x;;;;
FLO_conservative;Conservatives;;;;;;;;;;x;;;;
FLO_reactionary;Nationalists;;;;;;;;;;x;;;;
FLO_socialist;Socialists;;;;;;;;;;x;;;;
FLO_communist;Communists;;;;;;;;;;x;;;;
FLO_anarchist;Anarchists;;;;;;;;;;x;;;;
FLO_fascist;Fascists;;;;;;;;;;x;;;;
;;;;;;;;;;;x;;;;
FRK;Francië;;;;;;;;;;x;;;;
FRK_ADJ;Frankish;;;;;;;;;;x;;;;
FRK_conservative;Nationale Partij;;;;;;;;;;x;;;;
FRK_reactionary;Frankische Unie;;;;;;;;;;x;;;;
FRK_liberal;Liberale Kiezersbond;;;;;;;;;;x;;;;
FRK_anarcho_liberal;Radicale Partij;;;;;;;;;;x;;;;
FRK_socialist;Verenigde Arbeiderspartij;;;;;;;;;;x;;;;
FRK_communist;Radicale Arbeiderspartij;;;;;;;;;;x;;;;
FRK_fascist;Merovingen Bond;;;;;;;;;;x;;;;
FRK_anarchist;Anarchistische Congres;;;;;;;;;;x;;;;
;;;;;;;;;;;x;;;;
FTJ;Futa Jallon;;;;;;;;;;x;;;;
FTJ_ADJ;Futa Jallon;;;;;;;;;;x;;;;
FTJ_liberal;Liberal Party;;;;;;;;;;x;;;;
FTJ_anarcho_liberal;Radical Party;;;;;;;;;;x;;;;
FTJ_conservative;Conservative Party;;;;;;;;;;x;;;;
FTJ_reactionary;National Party;;;;;;;;;;x;;;;
FTJ_socialist;Socialist Party;;;;;;;;;;x;;;;
FTJ_communist;Communist Party;;;;;;;;;;x;;;;
FTJ_anarchist;Anarchists;;;;;;;;;;x;;;;
FTJ_fascist;Wassulu Party;;;;;;;;;;x;;;;
;;;;;;;;;;;x;;;;
GAL;Gallaecia;;;;;;;;;;x;;;;
GAL_ADJ;Gallaecian;;;;;;;;;;x;;;;
GAL_liberal;Factio Liberalis;;;;;;;;;;x;;;;
GAL_conservative;Factio Boni;;;;;;;;;;x;;;;
GAL_anarcho_liberal;Factio Radicalis;;;;;;;;;;x;;;;
GAL_reactionary;Populares Gallaeci;;;;;;;;;;x;;;;
GAL_socialist;Factio Socialas;;;;;;;;;;x;;;;
GAL_communist;Factio Communistica;;;;;;;;;;x;;;;
GAL_fascist;Factio Fascistica;;;;;;;;;;x;;;;
GAL_anarchist;Anarchiatores;;;;;;;;;;x;;;;
;;;;;;;;;;;x;;;;
GBI;Britannia;;;;;;;;;;x;;;;
GBI_ADJ;British;;;;;;;;;;x;;;;
GBI_proletarian_dictatorship;Union of Britannia;;;;;;;;;;x;;;;
GBI_proletarian_dictatorship_ADJ;British;;;;;;;;;;x;;;;
GBI_proletarian_republic;Union of Britannia;;;;;;;;;;x;;;;
GBI_proletarian_republic_ADJ;British;;;;;;;;;;x;;;;
GBI_conservative;Llo Conserfatiw;;;;;;;;;;x;;;;
GBI_liberal;Llo Lliferthuil;;;;;;;;;;x;;;;
GBI_socialist;Rheon di'll Pobleth;;;;;;;;;;x;;;;
GBI_reactionary;Llo Britannig;;;;;;;;;;x;;;;
GBI_anarcho_liberal;Lla Radicuil;;;;;;;;;;x;;;;
GBI_communist;Lla Comiwnist;;;;;;;;;;x;;;;
GBI_fascist;Ill Front Nediwnal;;;;;;;;;;x;;;;
GBI_anarchist;Party Anarcist Brithenig;;;;;;;;;;x;;;;
;;;;;;;;;;;x;;;;
GJT;Gujarat;;;;;;;;;;x;;;;
GJT_ADJ;Gujarati;;;;;;;;;;x;;;;
GJT_liberal;Democratic Reformers;;;;;;;;;;x;;;;
GJT_anarcho_liberal;People's Reformers;;;;;;;;;;x;;;;
GJT_conservative;Agrarianists;;;;;;;;;;x;;;;
GJT_reactionary;Gujarati Traditionalists;;;;;;;;;;x;;;;
GJT_socialist;People's Labor;;;;;;;;;;x;;;;
GJT_communist;Gujarat Communist Party;;;;;;;;;;x;;;;
GJT_fascist;Gujarat Front;;;;;;;;;;x;;;;
GJT_anarchist;Revolutionary Anarchists;;;;;;;;;;x;;;;
;;;;;;;;;;;x;;;;
GMB;Gambia;;;;;;;;;;x;;;;
GMB_ADJ;Gambian;;;;;;;;;;x;;;;
GMB_liberal;Reform Party;;;;;;;;;;x;;;;
GMB_anarcho_liberal;Radical Party;;;;;;;;;;x;;;;
GMB_conservative;Conservative Party;;;;;;;;;;x;;;;
GMB_reactionary;Traditionalist Party;;;;;;;;;;x;;;;
GMB_socialist;Workers' Party;;;;;;;;;;x;;;;
GMB_communist;Communist Party;;;;;;;;;;x;;;;
GMB_fascist;Fascist Party;;;;;;;;;;x;;;;
GMB_anarchist;Revolutionary Anarchists;;;;;;;;;;x;;;;
;;;;;;;;;;;x;;;;
GTH;Gothia;;;;;;;;;;x;;;;
GTH_ADJ;Gothic;;;;;;;;;;x;;;;
GTH_proletarian_dictatorship;Comunas Confederats;;;;;;;;;;x;;;;
GTH_proletarian_dictatorship_ADJ;Gothic;;;;;;;;;;x;;;;
GTH_proletarian_republic;Comunas Confederats;;;;;;;;;;x;;;;
GTH_proletarian_republic_ADJ;Gothic;;;;;;;;;;x;;;;
GTH_conservative;Partit Raïalista;;;;;;;;;;x;;;;
GTH_conservative_2;Partit Conservador;;;;;;;;;;x;;;;
GTH_reactionary;Lèga Imperial;;;;;;;;;;x;;;;
GTH_liberal;Union Liberal;;;;;;;;;;x;;;;
GTH_liberal_2;Union Republican;;;;;;;;;;x;;;;
GTH_anarcho_liberal;Movement Nacional Gautès;;;;;;;;;;x;;;;
GTH_socialist;Partit Socialista;;;;;;;;;;x;;;;
GTH_communist;Partit Comunista de Gautya;;;;;;;;;;x;;;;
GTH_anarchist;Confederacion Anarquista de Gautya;;;;;;;;;;x;;;;
GTH_fascist;Partit Faissista;;;;;;;;;;x;;;;
;;;;;;;;;;;x;;;;
GTO;Gothiola;;;;;;;;;;x;;;;
GTO_ADJ;Gothiolan;;;;;;;;;;x;;;;
GTO_conservative;Partit dels Gautésos;;;;;;;;;;x;;;;
GTO_reactionary;Partit d'Unitat;;;;;;;;;;x;;;;
GTO_liberal;Partit dels Reformistas;;;;;;;;;;x;;;;
GTO_anarcho_liberal;Partit dels Revolucionaris;;;;;;;;;;x;;;;
GTO_socialist;Partit de lis Reformas Socials;;;;;;;;;;x;;;;
GTO_communist;Partit de lis Esplechadors;;;;;;;;;;x;;;;
GTO_fascist;Partit Fassista del Gothiola;;;;;;;;;;x;;;;
GTO_anarchist;Lèga Anarquista;;;;;;;;;;x;;;;
;;;;;;;;;;;x;;;;
GTY;Gothonia;;;;;;;;;;x;;;;
GTY_ADJ;Gothonian;;;;;;;;;;x;;;;
GTY_conservative;Partit Conservador;;;;;;;;;;x;;;;
GTY_reactionary;Restitutio Imperii;;;;;;;;;;x;;;;
GTY_liberal;Patit Liberal;;;;;;;;;;x;;;;
GTY_anarcho_liberal;Partit Republican;;;;;;;;;;x;;;;
GTY_socialist;Partit Socialista;;;;;;;;;;x;;;;
GTY_communist;Partit Comunista;;;;;;;;;;x;;;;
GTY_fascist;Partit Faissista;;;;;;;;;;x;;;;
GTY_anarchist;Lèga Anarquista;;;;;;;;;;x;;;;
;;;;;;;;;;;x;;;;
GTR;Götarike;;;;;;;;;;x;;;;
GTR_ADJ;Geatish;;;;;;;;;;x;;;;
GTR_liberal;Liberala Parti;;;;;;;;;;x;;;;
GTR_anarcho_liberal;Radical Folkpartiet;;;;;;;;;;x;;;;
GTR_conservative;Lantmannapartiet;;;;;;;;;;x;;;;
GTR_reactionary;Landsföreningen;;;;;;;;;;x;;;;
GTR_socialist;Socialistiska Folkförbundet;;;;;;;;;;x;;;;
GTR_communist;Revolutionära Arbetarförening;;;;;;;;;;x;;;;
GTR_fascist;Rikspartiet;;;;;;;;;;x;;;;
GTR_anarchist;Syndikalistiska Arbetarefederationen;;;;;;;;;;x;;;;
;;;;;;;;;;;x;;;;
GUI;Guian;;;;;;;;;;x;;;;
GUI_ADJ;Guianese;;;;;;;;;;x;;;;
GUI_proletarian_dictatorship;People's Republic of Guian;;;;;;;;;;x;;;;
GUI_conservative;Party Conserfatiw;;;;;;;;;;x;;;;
GUI_reactionary;Party Newdinal;;;;;;;;;;x;;;;
GUI_liberal;Party Lliferthuil;;;;;;;;;;x;;;;
GUI_anarcho_liberal;Party Radicuil;;;;;;;;;;x;;;;
GUI_socialist;Party Socialist;;;;;;;;;;x;;;;
GUI_communist;Party Comiwnist;;;;;;;;;;x;;;;
GUI_fascist;Acies Newdinal;;;;;;;;;;x;;;;
GUI_anarchist;Party Anarcist;;;;;;;;;;x;;;;
;;;;;;;;;;;x;;;;
GUN;Guinea;;;;;;;;;;x;;;;
GUN_ADJ;Guinean;;;;;;;;;;x;;;;
GUN_absolute_monarchy;Guinea-Armoric;;;;;;;;;;x;;;;
GUN_prussian_constitutionalism;Guinea-Armoric;;;;;;;;;;x;;;;
GUN_hms_government;Guinea-Armoric;;;;;;;;;;x;;;;
GUN_conservative;Partit Conservador;;;;;;;;;;x;;;;
GUN_reactionary;Lis Restauradors;;;;;;;;;;x;;;;
GUN_liberal;Partit Liberal;;;;;;;;;;x;;;;
GUN_anarcho_liberal;Partit Radical;;;;;;;;;;x;;;;
GUN_socialist;Partit Socialista;;;;;;;;;;x;;;;
GUN_communist;Partit Comunista de Guinea;;;;;;;;;;x;;;;
GUN_anarchist;Union Anarquista;;;;;;;;;;x;;;;
GUN_fascist;Partit d'Armorica;;;;;;;;;;x;;;;
;;;;;;;;;;;x;;;;
GWD;Gondwana;;;;;;;;;;x;;;;
GWD_ADJ;Gondwana;;;;;;;;;;x;;;;
GWD_liberal;Reformists;;;;;;;;;;x;;;;
GWD_anarcho_liberal;Radicals;;;;;;;;;;x;;;;
GWD_conservative;Conservatives;;;;;;;;;;x;;;;
GWD_reactionary;Militarists;;;;;;;;;;x;;;;
GWD_socialist;Socialists;;;;;;;;;;x;;;;
GWD_communist;Communists;;;;;;;;;;x;;;;
GWD_fascist;Fascists;;;;;;;;;;x;;;;
GWD_anarchist;Gondwana Anarchists;;;;;;;;;;x;;;;
;;;;;;;;;;;x;;;;
HAU;Hausa Confederacy;;;;;;;;;;x;;;;
HAU_ADJ;Hausa;;;;;;;;;;x;;;;
HAU_absolute_monarchy;Hausa Kingdom;;;;;;;;;;x;;;;
HAU_prussian_constitutionalism;Hausa Kingdom;;;;;;;;;;x;;;;
HAU_hms_government;Hausa Kingdom;;;;;;;;;;x;;;;
HAU_proletarian_dictatorship;Hausa Federation;;;;;;;;;;x;;;;
HAU_liberal;Reform Party;;;;;;;;;;x;;;;
HAU_anarcho_liberal;Radical Populist Party;;;;;;;;;;x;;;;
HAU_conservative;Agrarian Party;;;;;;;;;;x;;;;
HAU_reactionary;Hausa People's Party;;;;;;;;;;x;;;;
HAU_socialist;Hausa Labor Party;;;;;;;;;;x;;;;
HAU_communist;People's Socialist Party;;;;;;;;;;x;;;;
HAU_anarchist;People's Liberty Party;;;;;;;;;;x;;;;
HAU_fascist;Hausa National Rally;;;;;;;;;;x;;;;
;;;;;;;;;;;x;;;;
IBR;Iberia;;;;;;;;;;x;;;;
IBR_ADJ;Iberian;;;;;;;;;;x;;;;
IBR_liberal;Iberian Liberal Party;;;;;;;;;;x;;;;
IBR_anarcho_liberal;Iberian Radicals;;;;;;;;;;x;;;;
IBR_conservative;Iberian Conservatives;;;;;;;;;;x;;;;
IBR_reactionary;Iberian Royalists;;;;;;;;;;x;;;;
IBR_socialist;Labor Party of Iberia;;;;;;;;;;x;;;;
IBR_communist;Revolutionary Workers' Party of Iberia;;;;;;;;;;x;;;;
IBR_fascist;Party of Caucasians;;;;;;;;;;x;;;;
IBR_anarchist;Revolutionary League of the Peasants;;;;;;;;;;x;;;;
;;;;;;;;;;;x;;;;
ICL_anarchist;Anarkistarnir;;;;;;;;;;x;;;;
;;;;;;;;;;;x;;;;
ILY;Illyria;;;;;;;;;;x;;;;
ILY_ADJ;Illyrian;;;;;;;;;;x;;;;
ILY_conservative;Independent Landholders' League;;;;;;;;;;x;;;;
ILY_reactionary;Crown League;;;;;;;;;;x;;;;
ILY_liberal;Voteholders' League;;;;;;;;;;x;;;;
ILY_anarcho_liberal;Republican League;;;;;;;;;;x;;;;
ILY_socialist;People's League;;;;;;;;;;x;;;;
ILY_communist;Workers' Revolutionary League;;;;;;;;;;x;;;;
ILY_fascist;National Radical League;;;;;;;;;;x;;;;
ILY_anarchist;Federation of Revolutionary Syndicates;;;;;;;;;;x;;;;
;;;;;;;;;;;x;;;;
IWD;Iwerddon;;;;;;;;;;x;;;;
IWD_ADJ;Iwerddonian;;;;;;;;;;x;;;;
IWD_fascist_dictatorship;Hibernia;;;;;;;;;;x;;;;
IWD_fascist_dictatorship_ADJ;Hibernian;;;;;;;;;;x;;;;
IWD_conservative;Blaid Geidwadol;;;;;;;;;;x;;;;
IWD_reactionary;Blaid Unoliaethol;;;;;;;;;;x;;;;
IWD_liberal;Blaid Rhyddfrydol;;;;;;;;;;x;;;;
IWD_liberal_2;Democratiaid;;;;;;;;;;x;;;;
IWD_anarcho_liberal;Plaid Gweriniaethol;;;;;;;;;;x;;;;
IWD_socialist;Blaid Lafur;;;;;;;;;;x;;;;
IWD_communist;Plaid Gomiwnyddol Iwerddon;;;;;;;;;;x;;;;
IWD_fascist;Gwardchodfa Genedlaethol;;;;;;;;;;x;;;;
IWD_anarchist;Blaid Anarchiaeth;;;;;;;;;;x;;;;
;;;;;;;;;;;x;;;;
JCT;Jucatanha;;;;;;;;;;x;;;;
JCT_ADJ;Jucatanhan;;;;;;;;;;x;;;;
JCT_conservative;Partit dels Gautésos;;;;;;;;;;x;;;;
JCT_reactionary;Partit d'Unitat;;;;;;;;;;x;;;;
JCT_liberal;Partit dels Reformistas;;;;;;;;;;x;;;;
JCT_anarcho_liberal;Partit dels Revolucionaris;;;;;;;;;;x;;;;
JCT_socialist;Partit de lis Reformas Socials;;;;;;;;;;x;;;;
JCT_communist;Partit de lis Esplechadors;;;;;;;;;;x;;;;
JCT_fascist;Partit Fassista del Jucatanha;;;;;;;;;;x;;;;
JCT_anarchist;Lèga Anarquista;;;;;;;;;;x;;;;
;;;;;;;;;;;x;;;;
JZY;Jazygia;;;;;;;;;;x;;;;
JZY_ADJ;Jazygian;;;;;;;;;;x;;;;
JZY_conservative;Civic Party;;;;;;;;;;x;;;;
JZY_reactionary;National Unity Party;;;;;;;;;;x;;;;
JZY_liberal;Centrum Party;;;;;;;;;;x;;;;
JZY_anarcho_liberal;People's Peasant Party;;;;;;;;;;x;;;;
JZY_socialist;Socialist Party;;;;;;;;;;x;;;;
JZY_communist;Communist Party;;;;;;;;;;x;;;;
JZY_fascist;Reclamation Party;;;;;;;;;;x;;;;
JZY_anarchist;Revolutionary Syndicalist League;;;;;;;;;;x;;;;
;;;;;;;;;;;x;;;;
KAI;Kaigai;;;;;;;;;;x;;;;
KAI_ADJ;Kaigai;;;;;;;;;;x;;;;
KAI_democracy;San Minato;;;;;;;;;;x;;;;
KAI_democracy_ADJ;San Minato;;;;;;;;;;x;;;;
KAI_bourgeois_dictatorship;San Minato;;;;;;;;;;x;;;;
KAI_bourgeois_dictatorship_ADJ;San Minato;;;;;;;;;;x;;;;
KAI_presidential_dictatorship;San Minato;;;;;;;;;;x;;;;
KAI_presidential_dictatorship_ADJ;San Minato;;;;;;;;;;x;;;;
KAI_proletarian_dictatorship;San Minato;;;;;;;;;;x;;;;
KAI_proletarian_dictatorship_ADJ;San Minato;;;;;;;;;;x;;;;
KAI_proletarian_republic;San Minato;;;;;;;;;;x;;;;
KAI_proletarian_republic_ADJ;San Minato;;;;;;;;;;x;;;;
KAI_fascist_dictatorship;San Minato;;;;;;;;;;x;;;;
KAI_fascist_dictatorship_ADJ;San Minato;;;;;;;;;;x;;;;
KAI_liberal;Jiyuto;;;;;;;;;;x;;;;
KAI_anarcho_liberal;Aikokusha;;;;;;;;;;x;;;;
KAI_conservative;Rikken Seiyukai;;;;;;;;;;x;;;;
KAI_conservative_2;Teikokuto;;;;;;;;;;x;;;;
KAI_reactionary;Kokumin Kyokai;;;;;;;;;;x;;;;
KAI_socialist;Shakaito;;;;;;;;;;x;;;;
KAI_communist;Musan Taishuto;;;;;;;;;;x;;;;
KAI_fascist;Shintaisei;;;;;;;;;;x;;;;
KAI_anarchist;Jiyu Rengo;;;;;;;;;;x;;;;
;;;;;;;;;;;x;;;;
KAZ;Kazakhstan;;;;;;;;;;x;;;;
KAZ_ADJ;Kazakh;;;;;;;;;;x;;;;
KAZ_democracy;Alash Orda;;;;;;;;;;x;;;;
KAZ_bourgeois_dictatorship;Alash Orda;;;;;;;;;;x;;;;
KAZ_liberal;Alash Party;;;;;;;;;;x;;;;
KAZ_anarcho_liberal;Jeltoqsan Party;;;;;;;;;;x;;;;
KAZ_conservative;Agrarlyq Party;;;;;;;;;;x;;;;
KAZ_reactionary;Otan Party;;;;;;;;;;x;;;;
KAZ_socialist;Sotsial-Demokratiyalyk Party;;;;;;;;;;x;;;;
KAZ_communist;Kommunistik Party;;;;;;;;;;x;;;;
KAZ_anarchist;Anarkistik Party;;;;;;;;;;x;;;;
KAZ_fascist;Turkestan Party;;;;;;;;;;x;;;;
;;;;;;;;;;;x;;;;
KOJ;Jerusalem;;;;;;;;;;x;;;;
KOJ_ADJ;Jerusalemite;;;;;;;;;;x;;;;
KOJ_proletarian_dictatorship;United Communes of the Levant;;;;;;;;;;x;;;;
KOJ_proletarian_dictatorship_ADJ;Levantine;;;;;;;;;;x;;;;
KOJ_proletarian_republic;Commune of Jerusalem;;;;;;;;;;x;;;;
KOJ_proletarian_republic_ADJ;Jerusalemite;;;;;;;;;;x;;;;
KOJ_conservative;Party of the Lance;;;;;;;;;;x;;;;
KOJ_reactionary;Militia Christi;;;;;;;;;;x;;;;
KOJ_liberal;Burgenses Party;;;;;;;;;;x;;;;
KOJ_anarcho_liberal;Populist Party;;;;;;;;;;x;;;;
KOJ_socialist;Party of Lazarus;;;;;;;;;;x;;;;
KOJ_communist;Judean People's Front;;;;;;;;;;x;;;;
KOJ_communist2;People's Front of Judea;;;;;;;;;;x;;;;
KOJ_fascist;Knights of the Holy Cross;;;;;;;;;;x;;;;
KOJ_anarchist;Revolutionary Brethren;;;;;;;;;;x;;;;
;;;;;;;;;;;x;;;;
KTI;Kutai;;;;;;;;;;x;;;;
KTI_ADJ;Kutai;;;;;;;;;;x;;;;
KTI_liberal;Reformists;;;;;;;;;;x;;;;
KTI_anarcho_liberal;Radicals;;;;;;;;;;x;;;;
KTI_conservative;Loyalists;;;;;;;;;;x;;;;
KTI_reactionary;Traditionalists;;;;;;;;;;x;;;;
KTI_socialist;Socialists;;;;;;;;;;x;;;;
KTI_communist;Communists;;;;;;;;;;x;;;;
KTI_fascist;Fascists;;;;;;;;;;x;;;;
KTI_anarchist;Anarchists;;;;;;;;;;x;;;;
;;;;;;;;;;;x;;;;
LRM;Romania;;;;;;;;;;x;;;;
LRM_ADJ;Romanian;;;;;;;;;;x;;;;
LRM_proletarian_dictatorship;Union of Rome;;;;;;;;;;x;;;;
LRM_proletarian_dictatorship_ADJ;Roman;;;;;;;;;;x;;;;
LRM_proletarian_republic;Union of Rome;;;;;;;;;;x;;;;
LRM_proletarian_republic_ADJ;Roman;;;;;;;;;;x;;;;
LRM_conservative;Partì Nacional;;;;;;;;;;x;;;;
LRM_reactionary;Union Taurinjeis;;;;;;;;;;x;;;;
LRM_liberal;Partì Popular;;;;;;;;;;x;;;;
LRM_radical;Partì Radical;;;;;;;;;;x;;;;
LRM_socialist;Congress dël Pòpol;;;;;;;;;;x;;;;
LRM_communist;Partì Comunista;;;;;;;;;;x;;;;
LRM_fascist;Frej dël Romania;;;;;;;;;;x;;;;
LRM_anarchist;Congress Anarchich;;;;;;;;;;x;;;;
;;;;;;;;;;;x;;;;
LRT;Laurentia;;;;;;;;;;x;;;;
LRT_ADJ;Laurentian;;;;;;;;;;x;;;;
LRT_conservative;Konservativt Parti;;;;;;;;;;x;;;;
LRT_reactionary;Laurentiansk Samling;;;;;;;;;;x;;;;
LRT_liberal;Reformpartiet;;;;;;;;;;x;;;;
LRT_anarcho_liberal;Radikale Folkeparti;;;;;;;;;;x;;;;
LRT_socialist;Arbeiderforbund;;;;;;;;;;x;;;;
LRT_communist;Laurentiansk Kommunistparti;;;;;;;;;;x;;;;
LRT_anarchist;Anarkistisk Folkeparti;;;;;;;;;;x;;;;
LRT_fascist;Nasjonale Folkeparti;;;;;;;;;;x;;;;
;;;;;;;;;;;x;;;;
MAJ;Majapahit;;;;;;;;;;x;;;;
MAJ_ADJ;Majapahit;;;;;;;;;;x;;;;
MAJ_proletarian_dictatorship;Indonesia;;;;;;;;;;x;;;;
MAJ_proletarian_dictatorship_ADJ;Indonesian;;;;;;;;;;x;;;;
MAJ_proletarian_republic;Indonesia;;;;;;;;;;x;;;;
MAJ_proletarian_republic_ADJ;Indonesian;;;;;;;;;;x;;;;
MAJ_liberal;Parté Dhémokrat;;;;;;;;;;x;;;;
MAJ_anarcho_liberal;Parté Merdeka;;;;;;;;;;x;;;;
MAJ_conservative;Parté Nasional;;;;;;;;;;x;;;;
MAJ_reactionary;Parté Karaton;;;;;;;;;;x;;;;
MAJ_socialist;Parté Sosialis;;;;;;;;;;x;;;;
MAJ_communist;Parté Komunis Indonésia;;;;;;;;;;x;;;;
MAJ_anarchist;Parté Anarkis;;;;;;;;;;x;;;;
MAJ_fascist;Parté Gerakan Majapahit Raya;;;;;;;;;;x;;;;
;;;;;;;;;;;x;;;;
MAL;Mali;;;;;;;;;;x;;;;
MAL_ADJ;Malian;;;;;;;;;;x;;;;
MAL_liberal;Dyamani Party;;;;;;;;;;x;;;;
MAL_anarcho_liberal;Horon Party;;;;;;;;;;x;;;;
MAL_conservative;Farin Party;;;;;;;;;;x;;;;
MAL_reactionary;Farba Party;;;;;;;;;;x;;;;
MAL_socialist;Ton-Koun Party;;;;;;;;;;x;;;;
MAL_communist;Kèlè-Bolo Jonow Party;;;;;;;;;;x;;;;
MAL_fascist;Mansa Party;;;;;;;;;;x;;;;
MAL_anarchist;Dougou Party;;;;;;;;;;x;;;;
;;;;;;;;;;;x;;;;
MBA;Mombasa;;;;;;;;;;x;;;;
MBA_ADJ;Mobasan;;;;;;;;;;x;;;;
MBA_liberal;Mombasan Reform Party;;;;;;;;;;x;;;;
MBA_anarcho_liberal;Zanj National Union;;;;;;;;;;x;;;;
MBA_conservative;Zanj People's Party;;;;;;;;;;x;;;;
MBA_reactionary;Mombasa Nationalist Party;;;;;;;;;;x;;;;
MBA_socialist;Ujamaa Party;;;;;;;;;;x;;;;
MBA_communist;United Communist Front;;;;;;;;;;x;;;;
MBA_anarchist;League of Natural Rights;;;;;;;;;;x;;;;
MBA_fascist;Voice of Restoration;;;;;;;;;;x;;;;
;;;;;;;;;;;x;;;;
MCD;Macedonia;;;;;;;;;;x;;;;
MCD_ADJ;Macedonian;;;;;;;;;;x;;;;
MCD_fascist_dictatorship;State of Macedonia;;;;;;;;;;x;;;;
MCD_fascist_dictatorship_ADJ;Macedonian;;;;;;;;;;x;;;;
MCD_conservative;Conservative League;;;;;;;;;;x;;;;
MCD_reactionary;National Union;;;;;;;;;;x;;;;
MCD_liberal;Macedonian Party;;;;;;;;;;x;;;;
MCD_anarcho_liberal;People's Party;;;;;;;;;;x;;;;
MCD_socialist;League of Workers;;;;;;;;;;x;;;;
MCD_communist;People's Communist Party;;;;;;;;;;x;;;;
MCD_fascist;Diadochi;;;;;;;;;;x;;;;
MCD_anarchist;People's Anarchist Federation;;;;;;;;;;x;;;;
;;;;;;;;;;;x;;;;
MCK;Manchuria;;;;;;;;;;x;;;;
MCK_ADJ;Manchurian;;;;;;;;;;x;;;;
MCK_anarchist;Manchu Anarchist League;;;;;;;;;;x;;;;
;;;;;;;;;;;x;;;;
MDV;Mordovia;;;;;;;;;;x;;;;
MDV_ADJ;Mordovian;;;;;;;;;;x;;;;
MDV_conservative;Conservative Party;;;;;;;;;;x;;;;
MDV_reactionary;National Party;;;;;;;;;;x;;;;
MDV_liberal;Liberal Party;;;;;;;;;;x;;;;
MDV_anarcho_liberal;Radical Party;;;;;;;;;;x;;;;
MDV_socialist;Socialist Party;;;;;;;;;;x;;;;
MDV_communist;Communist Party;;;;;;;;;;x;;;;
MDV_fascist;Fascist Party;;;;;;;;;;x;;;;
MDV_anarchist;Mordvin People's Revolutionary Council;;;;;;;;;;x;;;;
;;;;;;;;;;;x;;;;
MIS;Missorí;;;;;;;;;;x;;;;
MIS_ADJ;Missorian;;;;;;;;;;x;;;;
MIS_conservative;Aliança Unionista;;;;;;;;;;x;;;;
MIS_reactionary;Partit Missorían;;;;;;;;;;x;;;;
MIS_liberal;Partit Reformista;;;;;;;;;;x;;;;
MIS_anarcho_liberal;Partit Republican;;;;;;;;;;x;;;;
MIS_socialist;Partit Sindicat;;;;;;;;;;x;;;;
MIS_communist;Partit Comunista;;;;;;;;;;x;;;;
MIS_fascist;Lèga Nacional;;;;;;;;;;x;;;;
MIS_anarchist;Aliança Anarquista;;;;;;;;;;x;;;;
;;;;;;;;;;;x;;;;
MGH;Mogholistan;;;;;;;;;;x;;;;
MGH_ADJ;Mogholistani;;;;;;;;;;x;;;;
MGH_liberal;Liberal Reformists;;;;;;;;;;x;;;;
MGH_anarcho_liberal;Radical Reformists;;;;;;;;;;x;;;;
MGH_conservative;Conservatives;;;;;;;;;;x;;;;
MGH_reactionary;Timurid Loyalists;;;;;;;;;;x;;;;
MGH_socialist;Socialists;;;;;;;;;;x;;;;
MGH_communist;Mughal Communist Party;;;;;;;;;;x;;;;
MGH_fascist;Gurkani League;;;;;;;;;;x;;;;
MGH_anarchist;Anarchist Alliance;;;;;;;;;;x;;;;
;;;;;;;;;;;x;;;;
MGL;Mongolia;;;;;;;;;;x;;;;
MGL_anarchist;Black Riders;;;;;;;;;;x;;;;
;;;;;;;;;;;x;;;;
MKS;Makassar;;;;;;;;;;x;;;;
MKS_ADJ;Makassar;;;;;;;;;;x;;;;
MKS_liberal;Reform Party;;;;;;;;;;x;;;;
MKS_anarcho_liberal;Radical Party;;;;;;;;;;x;;;;
MKS_conservative;Loyalist Party;;;;;;;;;;x;;;;
MKS_reactionary;Traditionalist Party;;;;;;;;;;x;;;;
MKS_socialist;Socialist Party;;;;;;;;;;x;;;;
MKS_communist;Communist Party;;;;;;;;;;x;;;;
MKS_fascist;Fascist Party;;;;;;;;;;x;;;;
MKS_anarchist;Anarchist People's League;;;;;;;;;;x;;;;
;;;;;;;;;;;x;;;;
MLC;Malacca;;;;;;;;;;x;;;;
MLC_ADJ;Malaccan;;;;;;;;;;x;;;;
MLC_democracy;Malaya;;;;;;;;;;x;;;;
MLC_democracy_ADJ;Malayan;;;;;;;;;;x;;;;
MLC_bourgeois_dictatorship;Malaya;;;;;;;;;;x;;;;
MLC_bourgeois_dictatorship_ADJ;Malayan;;;;;;;;;;x;;;;
MLC_proletarian_dictatorship;Malaya;;;;;;;;;;x;;;;
MLC_proletarian_dictatorship_ADJ;Malayan;;;;;;;;;;x;;;;
MLC_proletarian_republic;Malaya;;;;;;;;;;x;;;;
MLC_proletarian_republic_ADJ;Malayan;;;;;;;;;;x;;;;
MLC_liberal;Liberal Party;;;;;;;;;;x;;;;
MLC_anarcho_liberal;Radical Party;;;;;;;;;;x;;;;
MLC_conservative;Conservative Party;;;;;;;;;;x;;;;
MLC_reactionary;National Party;;;;;;;;;;x;;;;
MLC_socialist;Socialist Party;;;;;;;;;;x;;;;
MLC_communist;Communist Party;;;;;;;;;;x;;;;
MLC_fascist;Fascist Party;;;;;;;;;;x;;;;
MLC_anarchist;Revolutionary Anarchists;;;;;;;;;;x;;;;
;;;;;;;;;;;x;;;;
MLT;Melita;;;;;;;;;;x;;;;
MLT_ADJ;Melitan;;;;;;;;;;x;;;;
MLT_liberal;Liberal Party;;;;;;;;;;x;;;;
MLT_anarcho_liberal;Radical Party;;;;;;;;;;x;;;;
MLT_conservative;Conservative Party;;;;;;;;;;x;;;;
MLT_reactionary;National Party;;;;;;;;;;x;;;;
MLT_socialist;Labor Party;;;;;;;;;;x;;;;
MLT_communist;Communist Party;;;;;;;;;;x;;;;
MLT_fascist;Fascist Party;;;;;;;;;;x;;;;
MLT_anarchist;Anarchists;;;;;;;;;;x;;;;
;;;;;;;;;;;x;;;;
MNY;Mong Yang;;;;;;;;;;x;;;;
MNY_ADJ;Mong Yang;;;;;;;;;;x;;;;
MNY_liberal;Liberal Reformists;;;;;;;;;;x;;;;
MNY_anarcho_liberal;Radical Reformists;;;;;;;;;;x;;;;
MNY_conservative;Conservative Faction;;;;;;;;;;x;;;;
MNY_reactionary;Traditionalist Faction;;;;;;;;;;x;;;;
MNY_socialist;Mong Yang Socialist Party;;;;;;;;;;x;;;;
MNY_communist;United State Party;;;;;;;;;;x;;;;
MNY_fascist;National Salvation Council;;;;;;;;;;x;;;;
MNY_anarchist;Anarchists;;;;;;;;;;x;;;;
;;;;;;;;;;;x;;;;
MOR;Mauretania;;;;;;;;;;x;;;;
MOR_ADJ;Mauretanian;;;;;;;;;;x;;;;
MOR_conservative;Unioni Mauretania;;;;;;;;;;x;;;;
MOR_reactionary;Partitu Nazziunalista;;;;;;;;;;x;;;;
MOR_liberal;Partitu Ripubbricanu;;;;;;;;;;x;;;;
MOR_anarcho_liberal;Muvumentu Pòpulari;;;;;;;;;;x;;;;
MOR_socialist;Partitu Sucialista;;;;;;;;;;x;;;;
MOR_communist;Partitu Cumunista Mauretanianu;;;;;;;;;;x;;;;
MOR_fascist;Unioni Africana;;;;;;;;;;x;;;;
MOR_anarchist;Unioni Anarcista;;;;;;;;;;x;;;;
;;;;;;;;;;;x;;;;
MTK;Jouanacaëra;;;;;;;;;;x;;;;
MTK_ADJ;Jouanacaëran;;;;;;;;;;x;;;;
MTK_absolute_monarchy;Martinika;;;;;;;;;;x;;;;
MTK_absolute_monarchy_ADJ;Martinikan;;;;;;;;;;x;;;;
MTK_prussian_constitutionalism;Martinika;;;;;;;;;;x;;;;
MTK_prussian_constitutionalism_ADJ;Martinikan;;;;;;;;;;x;;;;
MTK_hms_government;Martinika;;;;;;;;;;x;;;;
MTK_hms_government_ADJ;Martinikan;;;;;;;;;;x;;;;
MTK_liberal;Frisinnede Liberalistene;;;;;;;;;;x;;;;
MTK_anarcho_liberal;Folkeparti;;;;;;;;;;x;;;;
MTK_conservative;Valgallianse;;;;;;;;;;x;;;;
MTK_reactionary;Martinikaspartiet;;;;;;;;;;x;;;;
MTK_socialist;Arbeiderpartiet;;;;;;;;;;x;;;;
MTK_communist;Kommunistiske Parti;;;;;;;;;;x;;;;
MTK_fascist;Nasjonalbund;;;;;;;;;;x;;;;
MTK_anarchist;Anarkistbund;;;;;;;;;;x;;;;
;;;;;;;;;;;x;;;;
MTP;Mutapa;;;;;;;;;;x;;;;
MTP_ADJ;Mutapan;;;;;;;;;;x;;;;
MTP_conservative;Mwene Party;;;;;;;;;;x;;;;
MTP_reactionary;Zimbabwe Party;;;;;;;;;;x;;;;
MTP_liberal;Mutapa Party;;;;;;;;;;x;;;;
MTP_anarcho_liberal;Republican Party;;;;;;;;;;x;;;;
MTP_socialist;Liberation Party;;;;;;;;;;x;;;;
MTP_communist;Revolution Party;;;;;;;;;;x;;;;
MTP_fascist;National Unity Party;;;;;;;;;;x;;;;
MTP_anarchist;Revolutionary Liberty League;;;;;;;;;;x;;;;
;;;;;;;;;;;x;;;;
NIP;Japan;;;;;;;;;;x;;;;
NIP_ADJ;Japanese;;;;;;;;;;x;;;;
NIP_anarchist;Zenkokurodojiyurengokai;;;;;;;;;;x;;;;
;;;;;;;;;;;x;;;;
NFL;Naua Flandès;;;;;;;;;;x;;;;
NFL_ADJ;Novaflandrian;;;;;;;;;;x;;;;
NFL_conservative;Partit Union;;;;;;;;;;x;;;;
NFL_reactionary;Partit Nacional;;;;;;;;;;x;;;;
NFL_liberal;Partit Liberal;;;;;;;;;;x;;;;
NFL_anarcho_liberal;Partit Republican;;;;;;;;;;x;;;;
NFL_socialist;Lèga Revolució-Populara;;;;;;;;;;x;;;;
NFL_communist;Partit Comunista;;;;;;;;;;x;;;;
NFL_fascist;Union Nacional;;;;;;;;;;x;;;;
NFL_anarchist;Lèga Anarquista;;;;;;;;;;x;;;;
;;;;;;;;;;;x;;;;
NMD;Numidia;;;;;;;;;;x;;;;
NMD_ADJ;Numidian;;;;;;;;;;x;;;;
NMD_conservative;Partitu Numidiana;;;;;;;;;;x;;;;
NMD_reactionary;Partitu Nazziunalista;;;;;;;;;;x;;;;
NMD_liberal;Partitu Ripubbricanu;;;;;;;;;;x;;;;
NMD_anarcho_liberal;Partitu Pòpulari;;;;;;;;;;x;;;;
NMD_socialist;Partitu Sucialista;;;;;;;;;;x;;;;
NMD_communist;Partitu Cumunista Numidianu;;;;;;;;;;x;;;;
NMD_fascist;Frunti Nazziunali Numidianu;;;;;;;;;;x;;;;
NMD_anarchist;Partitu Anarcista;;;;;;;;;;x;;;;
;;;;;;;;;;;x;;;;
NOR;Norway;;;;;;;;;;x;;;;
NOR_ADJ;Norwegian;;;;;;;;;;x;;;;
NOR_anarchist;Norsk Syndikalistisk Forbund;;;;;;;;;;x;;;;
;;;;;;;;;;;x;;;;
NUB;Nubia;;;;;;;;;;x;;;;
NUB_ADJ;Nubian;;;;;;;;;;x;;;;
NUB_liberal;Reform Party;;;;;;;;;;x;;;;
NUB_anarcho_liberal;Radical Party;;;;;;;;;;x;;;;
NUB_conservative;Conservative Party;;;;;;;;;;x;;;;
NUB_reactionary;National Party;;;;;;;;;;x;;;;
NUB_socialist;Socialist Party;;;;;;;;;;x;;;;
NUB_communist;Communist Party;;;;;;;;;;x;;;;
NUB_fascist;Fascist Party;;;;;;;;;;x;;;;
NUB_anarchist;Anarchist Party;;;;;;;;;;x;;;;
;;;;;;;;;;;x;;;;
NVL;New Valentia;;;;;;;;;;x;;;;
NVL_ADJ;New Valentian;;;;;;;;;;x;;;;
NVL_proletarian_dictatorship;Workers' Communes of New Valentia;;;;;;;;;;x;;;;
NVL_conservative;Party Conserfatiw;;;;;;;;;;x;;;;
NVL_reactionary;Party Newdinal;;;;;;;;;;x;;;;
NVL_liberal;Party Lliferthuil;;;;;;;;;;x;;;;
NVL_anarcho_liberal;Party Radicuil;;;;;;;;;;x;;;;
NVL_socialist;Party Socialist;;;;;;;;;;x;;;;
NVL_communist;Party Comiwnist;;;;;;;;;;x;;;;
NVL_fascist;Acies Newdinal;;;;;;;;;;x;;;;
NVL_anarchist;Party Anarcist;;;;;;;;;;x;;;;
;;;;;;;;;;;x;;;;
OST;Österland;;;;;;;;;;x;;;;
OST_ADJ;Österlander;;;;;;;;;;x;;;;
OST_liberal;Liberal Party;;;;;;;;;;x;;;;
OST_anarcho_liberal;Radical Party;;;;;;;;;;x;;;;
OST_conservative;Conservative Party;;;;;;;;;;x;;;;
OST_reactionary;Reactionary Party;;;;;;;;;;x;;;;
OST_socialist;Socialist Party;;;;;;;;;;x;;;;
OST_communist;Communist Party;;;;;;;;;;x;;;;
OST_fascist;Fascist Party;;;;;;;;;;x;;;;
OST_anarchist;Direkt Aktion;;;;;;;;;;x;;;;
;;;;;;;;;;;x;;;;
PCN;Pacensis;;;;;;;;;;x;;;;
PCN_ADJ;Pacensian;;;;;;;;;;x;;;;
PCN_conservative;Factio Fidelis;;;;;;;;;;x;;;;
PCN_reactionary;Factio Pia;;;;;;;;;;x;;;;
PCN_liberal;Comitia Pacana;;;;;;;;;;x;;;;
PCN_anarcho_liberal;Comitia Lusitaniana;;;;;;;;;;x;;;;
PCN_socialist;Concilium Plebis;;;;;;;;;;x;;;;
PCN_communist;Factio Communistica;;;;;;;;;;x;;;;
PCN_fascist;Imperiales;;;;;;;;;;x;;;;
PCN_anarchist;Anarchiatores;;;;;;;;;;x;;;;
;;;;;;;;;;;x;;;;
PEG;Pegu;;;;;;;;;;x;;;;
PEG_ADJ;Pegu;;;;;;;;;;x;;;;
PEG_liberal;Liberal Party;;;;;;;;;;x;;;;
PEG_anarcho_liberal;Radical Party;;;;;;;;;;x;;;;
PEG_conservative;Crown Party;;;;;;;;;;x;;;;
PEG_reactionary;Imperial Party;;;;;;;;;;x;;;;
PEG_socialist;Socialist Party;;;;;;;;;;x;;;;
PEG_communist;Communist Party;;;;;;;;;;x;;;;
PEG_fascist;Fascist Party;;;;;;;;;;x;;;;
PEG_anarchist;Anarchist Alliance;;;;;;;;;;x;;;;
;;;;;;;;;;;x;;;;
PEQ;Pequot Confederacy;;;;;;;;;;x;;;;
PEQ_absolute_monarchy;Pequot Kingdom;;;;;;;;;;x;;;;
PEQ_hms_government;Pequot Kingdom;;;;;;;;;;x;;;;
PEQ_prussian_constitutionalism;Pequot Kingdom;;;;;;;;;;x;;;;
PEQ_fascist_dictatorship;Pequot State;;;;;;;;;;x;;;;
PEQ_proletarian_dictatorship;Pequot Union of Councils;;;;;;;;;;x;;;;
PEQ_proletarian_dictatorship_ADJ;Pequot;;;;;;;;;;x;;;;
PEQ_proletarian_republic;Pequot Federation;;;;;;;;;;x;;;;
PEQ_proletarian_republic_ADJ;Pequot;;;;;;;;;;x;;;;
PEQ_ADJ;Pequot;;;;;;;;;;x;;;;
PEQ_conservative;National Lodge;;;;;;;;;;x;;;;
PEQ_reactionary;Chieftains' Lodge;;;;;;;;;;x;;;;
PEQ_liberal;United Lodge;;;;;;;;;;x;;;;
PEQ_anarcho_liberal;Turtle Rock Lodge;;;;;;;;;;x;;;;
PEQ_socialist;Union Lodge;;;;;;;;;;x;;;;
PEQ_communist;Communist Party of the Pequot People;;;;;;;;;;x;;;;
PEQ_fascist;Destroyers' Lodge;;;;;;;;;;x;;;;
PEQ_anarchist;Black Jackets;;;;;;;;;;x;;;;
;;;;;;;;;;;x;;;;
PER;Persia;;;;;;;;;;x;;;;
PER_ADJ;Persian;;;;;;;;;;x;;;;
PER_anarchist;Persian Anarchists;;;;;;;;;;x;;;;
;;;;;;;;;;;x;;;;
PNN;Pannonia;;;;;;;;;;x;;;;
PNN_ADJ;Pannonian;;;;;;;;;;x;;;;
PNN_conservative;League of Smallholders;;;;;;;;;;x;;;;
PNN_reactionary;Pannonian Party;;;;;;;;;;x;;;;
PNN_liberal;Reform League;;;;;;;;;;x;;;;
PNN_anarcho_liberal;Radical Party;;;;;;;;;;x;;;;
PNN_socialist;Labor Party;;;;;;;;;;x;;;;
PNN_communist;Revolutionary League of Workers;;;;;;;;;;x;;;;
PNN_fascist;League of Pan;;;;;;;;;;x;;;;
PNN_anarchist;Anarchist League;;;;;;;;;;x;;;;
;;;;;;;;;;;x;;;;
PRV;Provencia;;;;;;;;;;x;;;;
PRV_ADJ;Provencian;;;;;;;;;;x;;;;
PRV_conservative;Factio Fidelis;;;;;;;;;;x;;;;
PRV_reactionary;Factio Pia;;;;;;;;;;x;;;;
PRV_liberal;Comitia Provinciana;;;;;;;;;;x;;;;
PRV_anarcho_liberal;Comitia Galliana;;;;;;;;;;x;;;;
PRV_socialist;Concilium Plebis;;;;;;;;;;x;;;;
PRV_communist;Factio Communistica;;;;;;;;;;x;;;;
PRV_fascist;Imperiales;;;;;;;;;;x;;;;
PRV_anarchist;Anarchiatores;;;;;;;;;;x;;;;
;;;;;;;;;;;x;;;;
RIP;Ripuaria;;;;;;;;;;x;;;;
RIP_ADJ;Ripuarian;;;;;;;;;;x;;;;
RIP_fascist_dictatorship;Gutthuida;;;;;;;;;;x;;;;
RIP_fascist_dictatorship_ADJ;Gutthuidan;;;;;;;;;;x;;;;
RIP_conservative;Riparian Party;;;;;;;;;;x;;;;
RIP_reactionary;Crown Loyalists;;;;;;;;;;x;;;;
RIP_liberal;Rhenish Party;;;;;;;;;;x;;;;
RIP_anarcho_liberal;Radical Covenant;;;;;;;;;;x;;;;
RIP_socialist;People's Union;;;;;;;;;;x;;;;
RIP_communist;Communist Party of the Rhine;;;;;;;;;;x;;;;
RIP_fascist;Gothic Union Party;;;;;;;;;;x;;;;
RIP_anarchist;Black League;;;;;;;;;;x;;;;
;;;;;;;;;;;x;;;;
RMD;Liguria-Romandiola;;;;;;;;;;x;;;;
RMD_ADJ;Romandiolan;;;;;;;;;;x;;;;
RMD_democracy;Romandiola;;;;;;;;;;x;;;;
RMD_democracy_ADJ;Romandiolan;;;;;;;;;;x;;;;
RMD_proletarian_dictatorship;Romandiola;;;;;;;;;;x;;;;
RMD_proletarian_dictatorship_ADJ;Romandiolan;;;;;;;;;;x;;;;
RMD_conservative;Partì Nacional;;;;;;;;;;x;;;;
RMD_reactionary;Union Romandioleis;;;;;;;;;;x;;;;
RMD_liberal;Partì Popular;;;;;;;;;;x;;;;
RMD_anarcho_liberal;Partì Radical;;;;;;;;;;x;;;;
RMD_socialist;Congress dël Pòpol;;;;;;;;;;x;;;;
RMD_communist;Partì Comunista;;;;;;;;;;x;;;;
RMD_fascist;Frej dël Romandiola;;;;;;;;;;x;;;;
RMD_anarchist;Union Anarchich;;;;;;;;;;x;;;;
;;;;;;;;;;;x;;;;
RNT;Carantania;;;;;;;;;;x;;;;
RNT_ADJ;Carantanian;;;;;;;;;;x;;;;
RNT_conservative;Freeholders' Union;;;;;;;;;;x;;;;
RNT_reactionary;Carantanian Party;;;;;;;;;;x;;;;
RNT_liberal;Reform Party;;;;;;;;;;x;;;;
RNT_anarcho_liberal;Liberation Party;;;;;;;;;;x;;;;
RNT_socialist;Workers' Party;;;;;;;;;;x;;;;
RNT_communist;Party of the People's Communes;;;;;;;;;;x;;;;
RNT_fascist;National Unity Party;;;;;;;;;;x;;;;
RNF_anarchist;United Anarchists;;;;;;;;;;x;;;;
;;;;;;;;;;;x;;;;
RUT;Ruthenia;;;;;;;;;;x;;;;
RUT_ADJ;Ruthenian;;;;;;;;;;x;;;;
RUT_anarchist;Makhnovshchina;;;;;;;;;;x;;;;
;;;;;;;;;;;x;;;;
SAR;Sardinia;;;;;;;;;;x;;;;
SAR_ADJ;Sardinian;;;;;;;;;;x;;;;
;;;;;;;;;;;x;;;;
SBY;Sibyllines;;;;;;;;;;x;;;;
SBY_ADJ;Sibylline;;;;;;;;;;x;;;;
SBY_liberal;Democratic People's Party;;;;;;;;;;x;;;;
SBY_anarcho_liberal;Independence Party;;;;;;;;;;x;;;;
SBY_conservative;Agrarian Union;;;;;;;;;;x;;;;
SBY_reactionary;National Alliance;;;;;;;;;;x;;;;
SBY_socialist;Sibylline Socialist Party;;;;;;;;;;x;;;;
SBY_communist;Sibylline Communist Party;;;;;;;;;;x;;;;
SBY_fascist;Black Sun Society;;;;;;;;;;x;;;;
SBY_anarchist;People's Liberation League;;;;;;;;;;x;;;;
;;;;;;;;;;;x;;;;
SHK;Sahakoku;;;;;;;;;;x;;;;
SHK_ADJ;Saha;;;;;;;;;;x;;;;
SHK_conservative;Conservative Party;;;;;;;;;;x;;;;
SHK_reactionary;Imperial Party;;;;;;;;;;x;;;;
SHK_liberal;Reform Party;;;;;;;;;;x;;;;
SHK_anarcho_liberal;Radical Party;;;;;;;;;;x;;;;
SHK_socialist;Socialist Party;;;;;;;;;;x;;;;
SHK_communist;Communist Party;;;;;;;;;;x;;;;
SHK_fascist;Fascist Party;;;;;;;;;;x;;;;
SHK_anarchist;Anarchist Party;;;;;;;;;;x;;;;
;;;;;;;;;;;x;;;;
SHU;Shun;;;;;;;;;;x;;;;
SHU_ADJ;Shun;;;;;;;;;;x;;;;
SHU_liberal;Council Liberals;;;;;;;;;;x;;;;
SHU_anarcho_liberal;Council Radicals;;;;;;;;;;x;;;;
SHU_conservative;Council Conservatives;;;;;;;;;;x;;;;
SHU_reactionary;Council Traditionalists;;;;;;;;;;x;;;;
SHU_socialist;Labor Unionist Society;;;;;;;;;;x;;;;
SHU_communist;Gansu Communist Party;;;;;;;;;;x;;;;
SHU_fascist;Wuwei Banner;;;;;;;;;;x;;;;
SHU_anarchist;Anarchists;;;;;;;;;;x;;;;
;;;;;;;;;;;x;;;;
SIC;Sicilia;;;;;;;;;;x;;;;
SIC_ADJ;Sicilian;;;;;;;;;;x;;;;
;;;;;;;;;;;x;;;;
SLT;Selatan;;;;;;;;;;x;;;;
SLT_ADJ;Selatani;;;;;;;;;;x;;;;
SLT_liberal;Parti Demokratik;;;;;;;;;;x;;;;
SLT_anarcho_liberal;Parti Orang;;;;;;;;;;x;;;;
SLT_conservative;Parti Setiausaha;;;;;;;;;;x;;;;
SLT_reactionary;Parti Adat;;;;;;;;;;x;;;;
SLT_socialist;Parti Socialis;;;;;;;;;;x;;;;
SLT_communist;Parti Komunis;;;;;;;;;;x;;;;
SLT_fascist;Parti Fasis;;;;;;;;;;x;;;;
SLT_anarchist;Parti Anarkis;;;;;;;;;;x;;;;
;;;;;;;;;;;x;;;;
SNG;Dendi;;;;;;;;;;x;;;;
SNG_ADJ;Dendi;;;;;;;;;;x;;;;
SNG_fascist_dictatorship;Songhai State;;;;;;;;;;x;;;;
SNG_fascist_dictatorship_ADJ;Songhai;;;;;;;;;;x;;;;
SNG_liberal;Reform Party;;;;;;;;;;x;;;;
SNG_anarcho_liberal;Radical Party;;;;;;;;;;x;;;;
SNG_conservative;Landholder Party;;;;;;;;;;x;;;;
SNG_reactionary;United Party;;;;;;;;;;x;;;;
SNG_socialist;Union of Voters & Laborers;;;;;;;;;;x;;;;
SNG_communist;Revolutionary Workers' Union;;;;;;;;;;x;;;;
SNG_anarchist;Anarchists;;;;;;;;;;x;;;;
SNG_fascist;Songhai National Front;;;;;;;;;;x;;;;
;;;;;;;;;;;x;;;;
SPN;Spania;;;;;;;;;;x;;;;
SPN_ADJ;Spanish;;;;;;;;;;x;;;;
SPN_fascist_dictatorship;Hispania;;;;;;;;;;x;;;;
SPN_conservative;Factio Pia Fidelis;;;;;;;;;;x;;;;
SPN_reactionary;Factio Restaurati;;;;;;;;;;x;;;;
SPN_liberal;Factio Liberalis Spaniae;;;;;;;;;;x;;;;
SPN_anarcho_liberal;Nova Factio;;;;;;;;;;x;;;;
SPN_socialist;Factio Plebis Spaniae;;;;;;;;;;x;;;;
SPN_communist;Factio Communistica;;;;;;;;;;x;;;;
SPN_fascist;Renovatio Hispanii;;;;;;;;;;x;;;;
SPN_anarchist;Anarchiatores;;;;;;;;;;x;;;;
;;;;;;;;;;;x;;;;
SPT;Septimania;;;;;;;;;;x;;;;
SPT_ADJ;Septimania;;;;;;;;;;x;;;;
SPT_absolute_monarchy;Kingdom of Septimania;;;;;;;;;;x;;;;
SPT_absolute_monarchy_ADJ;Septimanian;;;;;;;;;;x;;;;
SPT_prussian_constitutionalism;Kingdom of Septimania;;;;;;;;;;x;;;;
SPT_prussian_constitutionalism_ADJ;Septimanian;;;;;;;;;;x;;;;
SPT_fascist_dictatorship;Septimanian State;;;;;;;;;;x;;;;
SPT_fascist_dictatorship_ADJ;Septimanian;;;;;;;;;;x;;;;
SPT_proletarian_republic;Septimanian Communes;;;;;;;;;;x;;;;
SPT_proletarian_republic_ADJ;Septimanian;;;;;;;;;;x;;;;
SPT_proletarian_dictatorship;Union of Septimanian Communes;;;;;;;;;;x;;;;
SPT_proletarian_dictatorship_ADJ;Septimanian;;;;;;;;;;x;;;;
SPT_conservative;Factio Septimaniae;;;;;;;;;;x;;;;
SPT_reactionary;Factio Galliae;;;;;;;;;;x;;;;
SPT_liberal;Factio Liberalis;;;;;;;;;;x;;;;
SPT_anarcho_liberal;Factio Popularis;;;;;;;;;;x;;;;
SPT_socialist;Factio Laboratoris;;;;;;;;;;x;;;;
SPT_communist;Faction Communistica;;;;;;;;;;x;;;;
SPT_fascist;Septimanes Novi;;;;;;;;;;x;;;;
SPT_anarchist;Anarchiatores;;;;;;;;;;x;;;;
;;;;;;;;;;;x;;;;
SRB;Sorbia;;;;;;;;;;x;;;;
SRB_ADJ;Sorbian;;;;;;;;;;x;;;;
SRB_proletarian_dictatorship;People's Republic of Sorbia;;;;;;;;;;x;;;;
SRB_proletarian_dictatorship_ADJ;Sorbian;;;;;;;;;;x;;;;
SRB_conservative;Conservative Union;;;;;;;;;;x;;;;
SRB_reactionary;Sorbian National Party;;;;;;;;;;x;;;;
SRB_liberal;Reform Party;;;;;;;;;;x;;;;
SRB_anarcho_liberal;People's League;;;;;;;;;;x;;;;
SRB_socialist;Workers' United Party;;;;;;;;;;x;;;;
SRB_communist;Workers' Revolutionary Party;;;;;;;;;;x;;;;
SRB_fascist;Sorbian National Union;;;;;;;;;;x;;;;
SRB_anarchist;Black League;;;;;;;;;;x;;;;
;;;;;;;;;;;x;;;;
SYR;Syria;;;;;;;;;;x;;;;
SYR_ADJ;Syrian;;;;;;;;;;x;;;;
SYR_absolute_monarchy;Antioch;;;;;;;;;;x;;;;
SYR_absolute_monarchy_ADJ;Antiochene;;;;;;;;;;x;;;;
SYR_prussian_constitutionalism;Antioch;;;;;;;;;;x;;;;
SYR_prussian_constitutionalism_ADJ;Antiochene;;;;;;;;;;x;;;;
SYR_hms_government;Antioch;;;;;;;;;;x;;;;
SYR_hms_government_ADJ;Antiochene;;;;;;;;;;x;;;;
SYR_liberal;Liberal Party;;;;;;;;;;x;;;;
SYR_anarcho_liberal;Radical Party;;;;;;;;;;x;;;;
SYR_conservative;Conservative Party;;;;;;;;;;x;;;;
SYR_reactionary;National Party;;;;;;;;;;x;;;;
SYR_socialist;Socialist Party;;;;;;;;;;x;;;;
SYR_communist;Communist Party;;;;;;;;;;x;;;;
SYR_fascist;Fascist Party;;;;;;;;;;x;;;;
SYR_anarchist;Anarchist Union;;;;;;;;;;x;;;;
;;;;;;;;;;;x;;;;
TER;Ternate;;;;;;;;;;x;;;;
TER_ADJ;Ternate;;;;;;;;;;x;;;;
TER_liberal;Reform Party;;;;;;;;;;x;;;;
TER_anarcho_liberal;Radical Party;;;;;;;;;;x;;;;
TER_conservative;Loyalist Party;;;;;;;;;;x;;;;
TER_reactionary;Traditionalist Party;;;;;;;;;;x;;;;
TER_socialist;Socialist Party;;;;;;;;;;x;;;;
TER_communist;Communist Party;;;;;;;;;;x;;;;
TER_fascist;Fascist Party;;;;;;;;;;x;;;;
TER_anarchist;Anarchists;;;;;;;;;;x;;;;
;;;;;;;;;;;x;;;;
TGR;Tenggara;;;;;;;;;;x;;;;
TGR_ADJ;Tenggaran;;;;;;;;;;x;;;;
TGR_liberal;Liberals;;;;;;;;;;x;;;;
TGR_anarcho_liberal;Radicals;;;;;;;;;;x;;;;
TGR_conservative;Conservatives;;;;;;;;;;x;;;;
TGR_reactionary;Nationalists;;;;;;;;;;x;;;;
TGR_socialist;Socialists;;;;;;;;;;x;;;;
TGR_communist;Communists;;;;;;;;;;x;;;;
TGR_fascist;Fascists;;;;;;;;;;x;;;;
TGR_anarchist;Anarchists;;;;;;;;;;x;;;;
;;;;;;;;;;;x;;;;
THR;Thrace;;;;;;;;;;x;;;;
THR_ADJ;Thracian;;;;;;;;;;x;;;;
THR_conservative;Partidul Conservator;;;;;;;;;;x;;;;
THR_reactionary;Liga Tracia;;;;;;;;;;x;;;;
THR_liberal;Partidul Liberal;;;;;;;;;;x;;;;
THR_anarcho_liberal;Partidul Poporului-Radical;;;;;;;;;;x;;;;
THR_socialist;Partidul Social-Democrat;;;;;;;;;;x;;;;
THR_communist;Partidul Comunist;;;;;;;;;;x;;;;
THR_fascist;Cruciada Tracianismului;;;;;;;;;;x;;;;
THR_anarchist;Miscarea Umanitarista;;;;;;;;;;x;;;;
;;;;;;;;;;;x;;;;
TNJ;Andhra;;;;;;;;;;x;;;;
TNJ_ADJ;Andhra;;;;;;;;;;x;;;;
TNJ_liberal;Reform Party;;;;;;;;;;x;;;;
TNJ_anarcho_liberal;Radical Party;;;;;;;;;;x;;;;
TNJ_conservative;Conservative Party;;;;;;;;;;x;;;;
TNJ_reactionary;Traditionalist Faction;;;;;;;;;;x;;;;
TNJ_socialist;Socialist Party;;;;;;;;;;x;;;;
TNJ_communist;Communist Party;;;;;;;;;;x;;;;
TNJ_anarchist;Anarchist Party;;;;;;;;;;x;;;;
TNJ_fascist;Fascist Party;;;;;;;;;;x;;;;
;;;;;;;;;;;x;;;;
TNV;Terranova;;;;;;;;;;x;;;;
TNV_ADJ;Terranovan;;;;;;;;;;x;;;;
TNV_conservative;Partit Union;;;;;;;;;;x;;;;
TNV_reactionary;Partit Nacional;;;;;;;;;;x;;;;
TNV_liberal;Partit Liberal;;;;;;;;;;x;;;;
TNV_anarcho_liberal;Partit Radical;;;;;;;;;;x;;;;
TNV_socialist;Partit Revolució-Populara;;;;;;;;;;x;;;;
TNV_communist;Partit Comunista;;;;;;;;;;x;;;;
TNV_fascist;Front Terranovan;;;;;;;;;;x;;;;
TNV_anarchist;Lèga Anarquista;;;;;;;;;;x;;;;
;;;;;;;;;;;x;;;;
TRC;Taurica;;;;;;;;;;x;;;;
TRC_ADJ;Taurican;;;;;;;;;;x;;;;
TRC_liberal;Liberal Party;;;;;;;;;;x;;;;
TRC_anarcho_liberal;Radical Party;;;;;;;;;;x;;;;
TRC_conservative;Conservative Union;;;;;;;;;;x;;;;
TRC_reactionary;Nationary Union;;;;;;;;;;x;;;;
TRC_socialist;Socialist League;;;;;;;;;;x;;;;
TRC_communist;Communist League;;;;;;;;;;x;;;;
TRC_fascist;Cimmerian Party;;;;;;;;;;x;;;;
TRC_anarchist;Anarchists;;;;;;;;;;x;;;;
;;;;;;;;;;;x;;;;
TRI;Tripolitania;;;;;;;;;;x;;;;
TRI_ADJ;Tripolitanian;;;;;;;;;;x;;;;
TRI_anarchist;Unioni Anarcistu;;;;;;;;;;x;;;;
;;;;;;;;;;;x;;;;
UDN;Union del Nòrd;;;;;;;;;;x;;;;
UDN_ADJ;Nòrd;;;;;;;;;;x;;;;
UDN_conservative;Partit Union;;;;;;;;;;x;;;;
UDN_reactionary;Partit Nacional;;;;;;;;;;x;;;;
UDN_liberal;Partit Liberal;;;;;;;;;;x;;;;
UDN_anarcho_liberal;Partit Radical;;;;;;;;;;x;;;;
UDN_socialist;Partit Revolució-Populara;;;;;;;;;;x;;;;
UDN_communist;Partit Comunista;;;;;;;;;;x;;;;
UDN_fascist;Partit del Nòrd;;;;;;;;;;x;;;;
UDN_anarchist;Union Anarquista;;;;;;;;;;x;;;;
;;;;;;;;;;;x;;;;
VER;Verona;;;;;;;;;;x;;;;
VER_ADJ;Veronese;;;;;;;;;;x;;;;
VER_conservative;Partì Nacional;;;;;;;;;;x;;;;
VER_reactionary;Union Veronjeis;;;;;;;;;;x;;;;
VER_liberal;Partì Popular;;;;;;;;;;x;;;;
VER_anarcho_liberal;Partì Radical;;;;;;;;;;x;;;;
VER_socialist;Partì Socialista;;;;;;;;;;x;;;;
VER_communist;Partì Comunista;;;;;;;;;;x;;;;
VER_fascist;Vae Romae;;;;;;;;;;x;;;;
VER_anarchist;Union Anarchich;;;;;;;;;;x;;;;
;;;;;;;;;;;x;;;;
VCT;Victoria;;;;;;;;;;x;;;;
VCT_ADJ;Victorian;;;;;;;;;;x;;;;
VCT_conservative;Partit Nacional;;;;;;;;;;x;;;;
VCT_reactionary;Partit Raïalista;;;;;;;;;;x;;;;
VCT_liberal;Partit de Victoria;;;;;;;;;;x;;;;
VCT_liberal2;Partit Liberal;;;;;;;;;;x;;;;
VCT_liberal3;Partit Popular;;;;;;;;;;x;;;;
VCT_anarcho_liberal;Partit Republican;;;;;;;;;;x;;;;
VCT_socialist;Partit Socialista;;;;;;;;;;x;;;;
VCT_communist;Partit Communista;;;;;;;;;;x;;;;
VCT_fascist;Partit Fascista;;;;;;;;;;x;;;;
VCT_anarchist;Union Anarquista;;;;;;;;;;x;;;;
;;;;;;;;;;;x;;;;
VDL;Vandalia;;;;;;;;;;x;;;;
VDL_ADJ;Vandalian;;;;;;;;;;x;;;;
VDL_conservative;Partit Nacional;;;;;;;;;;x;;;;
VDL_reactionary;Partit Raïalista;;;;;;;;;;x;;;;
VDL_liberal;Partit Liberal;;;;;;;;;;x;;;;
VDL_anarcho_liberal;Partit Republican;;;;;;;;;;x;;;;
VDL_socialist;Partit Socialista;;;;;;;;;;x;;;;
VDL_communist;Partit Communista;;;;;;;;;;x;;;;
VDL_fascist;Partit Fascista;;;;;;;;;;x;;;;
VDL_anarchist;Union Anarquista;;;;;;;;;;x;;;;
;;;;;;;;;;;x;;;;
VIN;Vinland;;;;;;;;;;x;;;;
VIN_ADJ;Vinlander;;;;;;;;;;x;;;;
VIN_liberal;Liberalistene;;;;;;;;;;x;;;;
VIN_anarcho_liberal;Vinlandsk Folkeparti;;;;;;;;;;x;;;;
VIN_conservative;Vinlandsk Samling;;;;;;;;;;x;;;;
VIN_reactionary;Vinlandslaget;;;;;;;;;;x;;;;
VIN_socialist;Arbeiderpartiet;;;;;;;;;;x;;;;
VIN_communist;Radikale Sosialister;;;;;;;;;;x;;;;
VIN_fascist;Vinlandsk Front;;;;;;;;;;x;;;;
VIN_anarchist;Anarkistisk Partiet;;;;;;;;;;x;;;;
;;;;;;;;;;;x;;;;
VST;Vestindia;;;;;;;;;;x;;;;
VST_ADJ;Vestindian;;;;;;;;;;x;;;;
VST_democracy;Østkaribien;;;;;;;;;;x;;;;
VST_democracy_ADJ;Østkaribian;;;;;;;;;;x;;;;
VST_bourgeois_dictatorship;Østkaribien;;;;;;;;;;x;;;;
VST_bourgeois_dictatorship_ADJ;Østkaribian;;;;;;;;;;x;;;;
VST_proletarian_dictatorship;Østkaribien;;;;;;;;;;x;;;;
VST_proletarian_dictatorship_ADJ;Østkaribian;;;;;;;;;;x;;;;
VST_proletarian_republic;Østkaribien;;;;;;;;;;x;;;;
VST_proletarian_republic_ADJ;Østkaribian;;;;;;;;;;x;;;;
VST_liberal;Karibienting;;;;;;;;;;x;;;;
VST_anarcho_liberal;Karibienfolkets Parti;;;;;;;;;;x;;;;
VST_conservative;Senterpartiet;;;;;;;;;;x;;;;
VST_reactionary;Vestindienspartiet;;;;;;;;;;x;;;;
VST_socialist;Arbeiderpartiet;;;;;;;;;;x;;;;
VST_communist;Karibiens Kommunistiske Parti;;;;;;;;;;x;;;;
VST_fascist;Nasjonalbund;;;;;;;;;;x;;;;
VST_anarchist;Anarkistbund;;;;;;;;;;x;;;;
;;;;;;;;;;;x;;;;
XIN;Altay;;;;;;;;;;x;;;;
XIN_ADJ;Altay;;;;;;;;;;x;;;;
XIN_anarchist;Anarchists;;;;;;;;;;x;;;;
;;;;;;;;;;;x;;;;
YBN;Ynys Bréanainn;;;;;;;;;;x;;;;
YBN_ADJ;Ynys Bréanainn;;;;;;;;;;x;;;;
YBN_conservative;Blaid Geidwadol;;;;;;;;;;x;;;;
YBN_reactionary;Blaid Unoliaethol;;;;;;;;;;x;;;;
YBN_liberal;Blaid Rhyddfrydol;;;;;;;;;;x;;;;
YBN_anarcho_liberal;Plaid Gweriniaethol;;;;;;;;;;x;;;;
YBN_socialist;Blaid Lafur;;;;;;;;;;x;;;;
YBN_communist;Plaid Gomiwnyddol Ynys Bréanainn;;;;;;;;;;x;;;;
YBN_fascist;Gwardchodfa Genedlaethol;;;;;;;;;;x;;;;
YBN_anarchist;Blaid Anarchiaeth;;;;;;;;;;x;;;;
;;;;;;;;;;;x;;;;
YPN;Llo Ynd Punent;;;;;;;;;;x;;;;
YPN_ADJ;Ynd Punent;;;;;;;;;;x;;;;
YPN_conservative;Llo Conserfatiw;;;;;;;;;;x;;;;
YPN_liberal;Llo Lliferthuil;;;;;;;;;;x;;;;
YPN_socialist;Llo Socialist;;;;;;;;;;x;;;;
YPN_reactionary;Llo Ffidduil;;;;;;;;;;x;;;;
YPN_anarcho_liberal;Lla Radicuil;;;;;;;;;;x;;;;
YPN_communist;Lla Comiwnist;;;;;;;;;;x;;;;
YPN_fascist;Ill Front Punent;;;;;;;;;;x;;;;
YPN_anarchist;Party Anarcist;;;;;;;;;;x;;;;
;;;;;;;;;;;x;;;;
YUE;Yue;;;;;;;;;;x;;;;
YUE_ADJ;Yue;;;;;;;;;;x;;;;
YUE_absolute_monarchy;Yue Kingdom;;;;;;;;;;x;;;;
YUE_prussian_constitutionalism;Yue Kingdom;;;;;;;;;;x;;;;
YUE_democracy;South China Republic;;;;;;;;;;x;;;;
YUE_democracy_ADJ;South Chinese;;;;;;;;;;x;;;;
YUE_bourgeois_dictatorship;Yue Republic;;;;;;;;;;x;;;;
YUE_presidential_dictatorship;Yue State;;;;;;;;;;x;;;;
YUE_fascist_dictatorship;Yue State;;;;;;;;;;x;;;;
YUE_proletarian_dictatorship;Yue People's Republic;;;;;;;;;;x;;;;
YUE_liberal;Reform Party;;;;;;;;;;x;;;;
YUE_anarcho_liberal;Radical Party;;;;;;;;;;x;;;;
YUE_conservative;Conservative Party;;;;;;;;;;x;;;;
YUE_reactionary;National Party;;;;;;;;;;x;;;;
YUE_socialist;Socialist Party;;;;;;;;;;x;;;;
YUE_communist;Communist Party;;;;;;;;;;x;;;;
YUE_fascist;Fascist Party;;;;;;;;;;x;;;;
YUE_anarchist;Anarchists;;;;;;;;;;x;;;;
;;;;;;;;;;;x;;;;
D01;The Territory of $REGION$;;;;;;;;;;x;;;;
D01_ADJ;Territorial;;;;;;;;;;x;;;;
D02;The Confederation of $REGION$;;Die Konföderation von $REGION$;;;;;;;;x;;;
D02_ADJ;Confederate;;konföderiert;;;;;;;;x;;;
D03;Commonwealth of $REGION$;;Commonwealth von $REGION$;;;;;;;;x;;;
D03_ADJ;Commonwealth;;Commonwealth-;;;;;;;;x;;;
D04;The Republic of $REGION$;;Die Republik von $REGION$;;;;;;;;x;;;
D04_ADJ;Republican;;republikanisch;;;;;;;;x;;;
D05;The $REGION$ State;;Der $REGION$-Staat;;;;;;;;x;;;
D05_ADJ;Stateite;;staatlich;;;;;;;;x;;;
D06;The People's Republic of $REGION$;;Die Volksrepublik von $REGION$;;;;;;;;x;;;
D06_ADJ;Republican;;republikanisch;;;;;;;;x;;;
D07;The Free State of $REGION$;;Der Freistaat von $REGION$;;;;;;;;x;;;
D07_ADJ;Freestate;;freistaatlich;;;;;;;;x;;;
D08;The State of $REGION$;;;;;;;;;;x;;;;
D08_ADJ;State;;großstaatlich;;;;;;;;x;;;
D09;The State of $REGION$;;Der Staat von $REGION$;;;;;;;;x;;;
D09_ADJ;Stateite;;staatlich;;;;;;;;x;;;
D10;The Federal Union of $REGION$;;;;;;;;;;x;;;;
D10_ADJ;Federal;;;;;;;;;;x;;;;
D11;The Democratic Republic of $REGION$;;;;;;;;;;x;;;;
D11_ADJ;Depublican;;;;;;;;;;x;;;;
D12;The $REGION$ Union;;Die $REGION$-Union;;;;;;;;x;;;
D12_ADJ;Unionite;;Unions-;;;;;;;;x;;;
D13;The $REGION$ Republic;;;;;;;;;;x;;;;
D13_ADJ;$REGION$;;;;;;;;;;x;;;;
D14;The Dominion of $REGION$;;Das Dominion von $REGION$;;;;;;;;x;;;
D14_ADJ;Dominion;;Dominions-;;;;;;;;x;;;
D15;The Federation of $REGION$;;;;;;;;;;x;;;;
D15_ADJ;Federate;;;;;;;;;;x;;;;
D16;The $REGION$ Nation;;Die $REGION$-Nation;;;;;;;;x;;;
D16_ADJ;National;;national;;;;;;;;x;;;
D17;The $REGION$ Federation;;Die $REGION$-Föderation;;;;;;;;x;;;
D17_ADJ;Federation;;Föderations-;;;;;;;;x;;;
D18;The United States of $REGION$;;Die Vereinigten Staaten von $REGION$;;;;;;;;x;;;
D18_ADJ;Union;;Unions-;;;;;;;;x;;;
D19;The Democratic Union of $REGION$;;Die Demokratische Union von $REGION$;;;;;;;;x;;;
D19_ADJ;Union;;Unions-;;;;;;;;x;;;
D20;The Republic of $REGION$;;;;;;;;;;x;;;;
D20_ADJ;Republican;;fürstlich;;;;;;;;x;;;
D21;The Union of $REGION$;;Die Union von $REGION$;;;;;;;;x;;;
D21_ADJ;Unionite;;Unions-;;;;;;;;x;;;
D22;The People's Democratic Republic of $REGION$;;;;;;;;;;x;;;;
D22_ADJ;Republican;;;;;;;;;;x;;;;
D23;The $REGION$ Area;;;;;;;;;;x;;;;
D23_ADJ;Areon;;;;;;;;;;x;;;;
D24;The Glorious Union of $REGION$;;;;;;;;;;x;;;;
D24_ADJ;Glorious;;glorreich;;;;;;;;x;;;
D25;$REGION$;;;;;;;;;;x;;;;
D25_ADJ;$REGION$;;;;;;;;;;x;;;;
D26;The $REGION$ Free State;;Der $REGION$-Freistaat;;;;;;;;x;;;
D26_ADJ;Freestator;;freistaatlich;;;;;;;;x;;;
D27;The $REGION$ Commonwealth;;$REGION$-Commonwealth;;;;;;;;x;;;
D27_ADJ;Commonwealth;;Commonwealth-;;;;;;;;x;;;
D28;The $REGION$ Confederacy;;Die $REGION$-Konföderation;;;;;;;;x;;;
D28_ADJ;Confederate;;konföderiert;;;;;;;;x;;;
D29;The Republic of $REGION$;;;;;;;;;;x;;;;
D29_ADJ;Republican;;;;;;;;;;x;;;;
D30;The $REGION$ Republic;;Die $REGION$-Republik;;;;;;;;x;;;
D30_ADJ;Republican;;republikanisch;;;;;;;;x;;;
D31;The Union of $REGION$;;;;;;;;;;x;;;;
D31_ADJ;Unionist;;;;;;;;;;x;;;;
D32;The People's Union of $REGION$;;Die Volks-Union von $REGION$;;;;;;;;x;;;
D32_ADJ;Unionite;;Unions-;;;;;;;;x;;;
D33;The Federal States of $REGION$;;Die Föderationsstaaten von $REGION$;;;;;;;;x;;;
D33_ADJ;Federation;;Föderations-;;;;;;;;x;;;
D34;The $REGION$ Federal State;;Der $REGION$-Föderationsstaat;;;;;;;;x;;;
D34_ADJ;Federation;;Föderations-;;;;;;;;x;;;
D35;The $REGION$ Confederation;;Die $REGION$-Konföderation;;;;;;;;x;;;
D35_ADJ;Confederate;;konföderiert;;;;;;;;x;;;
D36;The $REGION$ Federation;;Die $REGION$-Föderation;;;;;;;;x;;;
D36_ADJ;Federation;;Föderations-;;;;;;;;x;;;
D37;The Confederation of $REGION$;;;;;;;;;;x;;;;
D37_ADJ;Confederate;;;;;;;;;;x;;;;
D38;$REGION$;;;;;;;;;;x;;;;
D38_ADJ;Lander;;;;;;;;;;x;;;;
D39;The Most Serene Republic of $REGION$;;;;;;;;;;x;;;;
D39_ADJ;Serene;;;;;;;;;;x;;;;
D40;The Council of $REGION$;;;;;;;;;;x;;;;
D40_ADJ;Councilior;;;;;;;;;;x;;;;
D41;The Commune of $REGION$;;Die Kommune von $REGION$;;;;;;;;x;;;
D41_ADJ;Communist;;kommunistisch;;;;;;;;x;;;
D42;The $REGION$ Commune;;Die $REGION$-Kommune;;;;;;;;x;;;
D42_ADJ;Communist;;kommunistisch;;;;;;;;x;;;
D43;The Worker's Union of $REGION$;;Die Arbeiter-Union von $REGION$;;;;;;;;x;;;
D43_ADJ;Worker;;Arbeiter-;;;;;;;;x;;;
D44;The Province of $REGION$;;;;;;;;;;x;;;;
D44_ADJ;Provincial;;;;;;;;;;x;;;;
D45;The Nation of $REGION$;;Die Nation von $REGION$;;;;;;;;x;;;
D45_ADJ;Nationite;;national;;;;;;;;x;;;
D46;$REGION$;;;;;;;;;;x;;;;
D46_ADJ;$REGION$;;;;;;;;;;x;;;;
D47;The $REGION$ Dominion;;;;;;;;;;x;;;;
D47_ADJ;Dominator;;;;;;;;;;x;;;;
D48;The People's State of $REGION$;;Der Volksstaat von $REGION$;;;;;;;;x;;;
D48_ADJ;Popular;;völkisch;;;;;;;;x;;;
D49;The Mandate of $REGION$;;;;;;;;;;x;;;;
D49_ADJ;Mandatory;;;;;;;;;;x;;;;
D50;The Territory of $REGION$;;;;;;;;;;x;;;;
D50_ADJ;Territorial;;;;;;;;;;x;;;;
;;;;;;;;;;;x;;;;
liberal_group;Liberal & Radical parties;;;;;;;;;;x;;;;
anarcho_liberal;Radical;;;;;;;;;;x;;;;
anarcho_liberal_uh;Radicals want to strengthen the bourgeoisie at the expense of the aristocracy, but care little for the proletariat.;;;;;;;;;;x;;;;
anarcho_liberal_rebels_title;Radical;;;;;;;;;;x;;;;
anarcho_liberal_rebels_name;$COUNTRY$ Radicals;;;;;;;;;;x;;;;
anarcho_liberal_rebels_desc;The Citizen Guard are militant liberals who have risen up in rebellion against the, real or perceived, oppressive practices of the government and the state apparatus, seeking to protect their rights as citizens, whatever the cost. Fighting against the corrupt state, these revolutionaries consider themselves to be true patriots.;;;;;;;;;;x;;;;
anarcho_liberal_focus;Party loyalty towards §Yanarcho-liberal§! ;;;;;;;;;;x;;;;
EVTDESC1002;A group of liberals disgruntled with their lack of political freedom, and the pace of parliamentary reform, have formed a new faction in $COUNTRY_ADJ$ politics. The Radicals are the revolutionary champions of Reason, and they will not hesitate to use whatever means necessary to see their ideas of liberty and equality instituted both in $COUNTRY$ and abroad.;;;;;;;;;;x;;;;
bourgeois_dictatorship;Radical Directorate;;;;;;;;;;x;;;;
bourgeois_dictatorship_ruler;Consul;;;;;;;;;;x;;;;
prussian_constitutionalism;Gothic Constitutionalism;;;;;;;;;;x;;;;
anarchist;Anarchist;;;;;;;;;;x;;;;
anarchist_uh;Anarchists want reforms, but do not engage in parliamentary politics. They only engage with the law when the State withers away into the Commune.;;;;;;;;;;x;;;;
autogestion;Autogestion;;;;;;;;;;x;;;;
autogestion_desc;Workers are encouraged to form new industrial cooperatives, but members of the bourgeoise have withdrawn from economic activity.;;;;;;;;;;x;;;;
autogestion_l;Autogestion;;;;;;;;;;x;;;;
com_clerks;Clerks;;;;;;;;;;x;;;;
com_capitalists;Plutocrats;;;;;;;;;;x;;;;
proletarian_republic;Commune Republic;;;;;;;;;;x;;;;
proletarian_republic_ruler;Comrade;;;;;;;;;;x;;;;
commune_voting;Proletarian;;;;;;;;;;x;;;;
commune_voting_desc;Democracy is exercised by the working classes, but the upper echelons of the bourgeoisie are effectively excluded from participation in government.;;;;;;;;;;x;;;;
jefferson_method;Divisor Method;;;;;;;;;;x;;;;
jefferson_method_desc;Seats are allocated proportionally within a party list voting system.;;;;;;;;;;x;;;;
socialist_rebels_title;Socialist;;;;;;;;;;x;;;;
socialist_rebels_name;$COUNTRY$ Socialists;;;;;;;;;;x;;;;
socialist_rebels_desc;Comprised of aggrieved workers and left-wing militants, these rebels vow to fight to overthrow the nation's institutions as they stand and implement what they view to be a more just and equitable system of government.;;;;;;;;;;x;;;;
anarchist_focus;Party loyalty towards §Yanarchists§! ;;;;;;;;;;x;;;;
anarchist_focus_short;§YAnarchist§! loyalty;;;;;;;;;;x;;;;
promote_com_clerks;Promote Clerks;;;;;;;;;;x;;;;
promote_com_clerks_short;Promote Clerks;;;;;;;;;;x;;;;
RULE_POP_BUILD_FACTORY;Citizens Build Factories;;;;;;;;;;x;;;;
RULE_POP_EXPAND_FACTORY;Citizens Expand Factories;;;;;;;;;;x;;;;
RULE_POP_OPEN_FACTORY;Citizens Open Factories;;;;;;;;;;x;;;;
;;;;;;;;;;;x;;;;
recognize_the_spanian_crown_title;Recognize The Spanian Crown;;;;;;;;;;x;;;;
recognize_the_spanian_crown_desc;Our restive subjects in Hispania do not view themselves as Mauretanians, and begrudge what they deem to be 'foreign' rule. An easy way to mitigate this would be to acknowledge Spania as a separate realm- one nonetheless ruled by the Mauretanian court. If we claimed the crown of Hispania, and let the Spanians hold their own assemblies while still acknowledging our overall rule, we might be able to nip Spanish unrest in the bud.;;;;;;;;;;x;;;;
secure_tripolitanian_interior_title;Secure The Interior;;;;;;;;;;x;;;;
secure_tripolitanian_interior_desc;The only territories effectively controlled by us are those that hug the Mediterranean coast, but our ancient claims extend far into the African interior. The Great Powers are finally realizing the value of Africa- if we do not move to stake our claims now, we may lose them forever.;;;;;;;;;;x;;;;
the_mutapan_protectorate_title;Establish A Mutapan Protectorate;;;;;;;;;;x;;;;
the_mutapan_protectorate_desc;Mutapa sits in a key and vulnerable corner of Africa. If we do not move to secure its loyalties now, another Power may do so.;;;;;;;;;;x;;;;
sale_of_ceylon_title;The Sale Of Ceylon;;;;;;;;;;x;;;;
sale_of_ceylon_desc;Ceylon is a valuable island, one underutilized by its Gujarati lords. Our expertise and technology could open up a world of wonders there- if we had control of the place.;;;;;;;;;;x;;;;
sale_of_maldives_titles;The Sale Of The Maldives;;;;;;;;;;x;;;;
sale_of_maldices_desc;The Maldives are a strategically valuable archipelago, not fully appreciated by Gujarat. In our hands, it could become the lynchpin of the Indian Ocean- if we could convince Gujarat to part with the islands.;;;;;;;;;;x;;;;
claim_roman_italy_title;Claim Roman Italy;;;;;;;;;;x;;;;
claim_roman_italy_desc;Romania foundation is based on Romanitas, its name proudly telling all that its land is the land of Romans. And yet, Romania doesn't even control the whole heartland of Ancient Rome, the Italian Peninsula. It is only right (and will help placate nationalists) to claim what the ancient Romans had as our own!;;;;;;;;;;x;;;;
declaration_of_the_rights_of_man;Declaration of the Rights of Man;;;;;;;;;;;;x,,,,
declaration_of_the_rights_of_man_desc;The Declaration of the Rights of Man and of the Citizen, a fundamental document of the Britannian Revolution, defined the individual and collective rights of all the estates of the realm as universal.;;;;;;;;;;;;x,,
spirit_of_freedom;The Spirit of Freedom;;;;;;;;;;;;x,,,,
spirit_of_freedom_desc;For some cultures, the notion of democracy and individual freedom is rooted in their very psyche.;;;;;;;;;;;;x,,,
