some_fake_1836_title_1;Opiate update!;;;;;;;;;;;;;x
some_fake_1836_1;Opium craze sweeps China, traders state it’s long journey, but worth the trip.;;;;;;;;;;;;;x
some_fake_1836_title_2;Ether craze;;;;;;;;;;;;;x
some_fake_1836_2;Popularity of ether frolics on the rise, pundits claim “It’s a gas!”.;;;;;;;;;;;;;x
some_fake_1836_title_3;Sweet Dreams;;;;;;;;;;;;;x
some_fake_1836_3;First use of general anaesthesia in an operation, surgeon in USA puts patient to sleep for tumour removal.;;;;;;;;;;;;;x
some_fake_1836_title_4;Code words;;;;;;;;;;;;;x
some_fake_1836_4;World’s first electrical telegraph message sent in USA by Samuel Morse in the USA.;;Erste elektr. telegrafische Nachricht der Welt von Samuel Morse in den USA gesendet.;;;;;;;;;;;x
some_fake_1836_title_5;Meatballs: NOT an aphrodisiac?;;;;;;;;;;;;;x
some_fake_1836_5;A new study out suggests that customary Gothic meatballs are not, despite traditions to the contrary, aphrodisiacs. This has aroused much criticism.;;;;;;;;;;;;;x
some_fake_1836_title_6;Out now!;;;;;;;;;;;;;x
some_fake_1836_6;“Darkend Souls” released in Japan, critics claim it is too difficult.;;;;;;;;;;;;;x
some_fake_1836_title_7;Woodwind or Brass?;;;;;;;;;;;;;x
some_fake_1836_title_8;Gold rush!;;;;;;;;;;;;;x
some_fake_1836_8;Gold discovered along the North American Pacific Coast. Masses of prospectors are expected to rush to the area!;;;;;;;;;;;;;x
some_fake_1836_title_9;'Ill Corw' published;;;;;;;;;;;;;x
some_fake_1836_9;A grim tour-de-force, this Avallonian latest short story is sure to raise the hairs on the back of your neck.;;;;;;;;;;;;;x
some_fake_1836_title_10;The bountiful female form;;Die üppige Form der Frau;;;;;;;;;;;x
some_fake_1836_10;(reader discretion is advised) Female waist and hip sizes are apparently at an all-time minimum and maximum respectively. Continued on page 5;;;;;;;;;;;;;x
some_fake_1836_title_11;Editorial;;;;;;;;;;;;;x
some_fake_1836_11;This liberalism will destroy the western civilisation. Without strong government, people are going to starve and revert to barbarism to survive and feed their children. (see pg. 10);;;;;;;;;;;;;x
some_fake_1850_title_1;Our ancestors?;;Unsere Vorfahren?;;;;;;;;;;;;;x
some_fake_1850_1;Scientists amazed by "Nieuwemandal man" fossil discovery in the Frankish Rhineland.;;;;;;;;;;;;;;x
some_fake_1850_title_2;Editorial:;;Redaktionelles:;;;;;;;;;;;x
some_fake_1850_2;It is the assured opinion of this newspaper that animal-fat is the perfect substance for greasing bullet-cartridges. See how we reached this unshakable conclusion inside (see pg 10);;;;;;;;;;;;;x
some_fake_1850_title_3;Canals in decline;;Kanäle zerfallen;;;;;;;;;;;x
some_fake_1850_3;The once-proud canal system of our nation is seen to be in precipitous decline. What can be done? Continued on page 4;;;;;;;;;;;;;x
some_fake_1860_title_1;Lincoln assassinated;;;;;;;;;;;;;x
some_fake_1860_1;Abraham Lincoln assassinated in Ford’s theatre by John Wilkes Booth, shot dead at close range.;;;;;;;;;;;;;x
some_fake_1860_title_2;Lincoln fine;;;;;;;;;;;;;x
some_fake_1860_2;Failed assassination attempt of Abraham Lincoln by John Wilkes Booth, President throws assailant from balcony of Ford’s theatre.;;;;;;;;;;;;;x
some_fake_1860_title_3;Unsporting;;;;;;;;;;;;;x
some_fake_1860_3;Military Submarine invented, globally agreed to be “unfair” and banned for all time.;;;;;;;;;;;;;x
some_fake_1860_title_4;Healthcare;;Gesundheitswesen;;;;;;;;;;;x
some_fake_1860_4;Philomela Florentia founds school for nurses in the Ospitale di Saeth Tomos, Llondin.;;;;;;;;;;;;;x
some_fake_1860_title_5;Elements organised;;;;;;;;;;;;;x
some_fake_1860_5;Demetrius Mendelius invents periodic table, listing all 56 known elements.;;;;;;;;;;;;;x
some_fake_1860_title_6;Cycle fad spreads;;Rad-Trend nimmt zu;;;;;;;;;;;x
some_fake_1860_6;Bicycle craze sweeps western world, Velocipedes are must haves!;;;;;;;;;;;;;x
some_fake_1860_title_7;Petasus width at an all-time high;;;;;;;;;;;;;x
some_fake_1860_7;It is reported that the width of an average farmer's petasus has risen to an astounding 57 inches in Italy and Macedonia.;;;;;;;;;;;;;x
some_fake_1860_title_8;Fire-brigade' established;;;;;;;;;;;;;x
some_fake_1860_8;They're new, but they're good. ;;;;;;;;;;;;;x
some_fake_1860_title_9;Football gains popularity;;;;;;;;;;;;;x
some_fake_1860_9;Attendances at association football matches have risen recently, with the spectacle proving especially popular amongst members of the labouring and destitute classes.;;;;;;;;;;;;;x
some_fake_1860_title_10;Editorial:;;;;;;;;;;;;;x
some_fake_1860_10;Beware the female bicycleatrix. Women astride machines, petticoats fluttering carelessly in the breeze, ankles exposed for all to see, will send men into a deranged frenzy ( pg. 10);;;;;;;;;;;;;x
some_fake_1860_title_11;Pompeii and Herculaneum back to light;;;;;;;;;;;;;x
some_fake_1860_11;New methods of excavation return to the world the cities destroyed by Vesuvius in 79 AD.;;Neue Ausgrabungsmethoden bringen die 79 AD vom Vesuv zerstörten Städte der Welt zurück.;;;;;;;;;;;x
some_fake_1870_title_1;Editorial:;;Redaktionelles:;;;;;;;;;;;x
some_fake_1870_1;The backward peoples of the Orient long for our benevolent governance. Much as Iwerddon graciously welcomed Britannian overlordship, the eastern races crave the guiding hand of the Occident (pg. 10);;;;;;;;;;;;;x
some_fake_1870_title_2;Literature:;;Literatur:;;;;;;;;;;;x
some_fake_1870_2;Around the World in 80 days, reviewed for the reader's pleasure and education.;;Um die Welt in 80 Tagen, für Lesespaß und Bildung unserer Leser rezensiert.;;;;;;;;;;;x
some_fake_1870_title_3;Corset-related fainting;;Ohnmacht durch Korsett;;;;;;;;;;;x
some_fake_1870_3;Is at an all-time high! Yet again our nation’s spas, hospitals and chaise-longues are inundated with victims of corset overtightening.;;;;;;;;;;;;;x
some_fake_1880_title_1;Airborn Success!;;;;;;;;;;;;;x
some_fake_1880_1;Suebia, an Alpine airship, becomes first powered airship to make a successful round trip.;;;;;;;;;;;;;x
some_fake_1880_title_2;High-rise Buildings;;;;;;;;;;;;;x
some_fake_1880_2;“Sky-Scrapers” built in America, these massive steel-framed buildings tower over their surroundings.;;;;;;;;;;;;;x
some_fake_1880_title_3;Mint juleps saved!;;;;;;;;;;;;;x
some_fake_1880_3;Martianus Petrus, in the colonies, invents the ”drinking straw”.;;;;;;;;;;;;;x
some_fake_1880_title_4;Nothing can go wrong here;;;;;;;;;;;;;x
some_fake_1880_4;Cure for morphine addiction discovered in Missorí : Coca-wine!;;;;;;;;;;;;;x
some_fake_1880_title_5;Bismarck resign;;;;;;;;;;;;;x
some_fake_1880_5;Bismarck resigns as Chancellor of Germany, ship of state loses her pilot.;;;;;;;;;;;;;x
some_fake_1880_title_6;Editorial:;;;;;;;;;;;;;x
some_fake_1880_6;This socialism will destroy western civilisation. Why, it will empower the working classes, allowing them to believe they are as good and worthy as the rich. Pish & fipsy! (pg 10) ;;;;;;;;;;;;;x
some_fake_1880_title_7;Should the American government act?;;;;;;;;;;;;;x
some_fake_1880_7;Lynchings of members of the negro race have become commonplace across the heartlands of America. The editorial board of this publication asks: Should the state intervene to stop this practice? ;;;;;;;;;;;;;x
some_fake_1890_title_1;Lift off!;;;;;;;;;;;;;x
some_fake_1890_1;The Aeolus, a steam-powered heavier than air craft, makes a short powered flight near Bordelh.;;;;;;;;;;;;;x
some_fake_1890_title_2;Successful Flight!;;;;;;;;;;;;;x
some_fake_1890_2;Taglim Glider becomes the first successful manned aircraft in the world, covering flight distances of up to about 80 feet.;;;;;;;;;;;;;x
some_fake_1890_title_3;Moving Pictures!;;;;;;;;;;;;;x
some_fake_1890_3;The Kinetoscope astounds viewers by displaying moving pictures at the Averalcrotz Institute of Arts and Sciences.;;;;;;;;;;;;;x
some_fake_1890_title_4;Hurrah! Tis the gay 90s;;;;;;;;;;;;;x
some_fake_1890_4;As a gayer time than now has surely never been and never again will be, the editorial board respectfully suggests that the phrase ‘the gay 90s’ should make its way into the lexicon of our daily discourse.;;Eine wildere Zeit als diese hat es noch nie gegeben und wird es wohl nie wieder geben. Wir schlagen daher vor, den Begriff “Die Wilden 90er” ins Lexikon aufzunehmen.;;;;;;;;;;;x
some_fake_1890_title_5;Could man one day soar?;;Kann der Mensch eines Tages fliegen?;;;;;;;;;;;x
some_fake_1890_5;Across our nation, dreamers are speculating that man could one day take to the heavens using mechanical contraptions.;;Landesweit hoffen Träumer, dass der Mensch eines Tages mithilfe mechanischer Geräte den Himmel erobern wird.;;;;;;;;;;;x
some_fake_1890_title_6;Editorial:;;Redaktionelles:;;;;;;;;;;;x
some_fake_1890_6;If He had wished man to fly, He would have granted us wings - a guest commentary written by the ship magnate and major shareholder of this newspaper Charles O'Ligarch. (see pg. 10);;Wenn Gott wollte, das wir fliegen, hätte er uns Flügel gegeben (mehr auf Seite 10);;;;;;;;;;;x
some_fake_1890_title_7;Wrong End Foremost;;Falsches Ende gibt Ton an;;;;;;;;;;;x
some_fake_1890_7;Reputed paleontologist O.C Marsh revealed today that the famed Elasmosaurus assembled by Professor Cope has in fact its head attached to its tail end. The professor was not available for comment.;;Angesehener Paläontologe O.C. Marsh enhüllt, dass der von Professor Cope zusammengesetzte Elasmosaurus seinen Kopf am Schwanz befestigt hat. Cope war nicht für einen Kommentar zu erreichen.;;;;;;;;;;;x
some_fake_1900_title_1;Lighter than air;;Leichter als Luft;;;;;;;;;;;x
some_fake_1900_1;The first zeppelin flight occurs over Brigantine Lake near Constantia.;;;;;;;;;;;;;x
some_fake_1900_title_2;Disaster!;;Desaster!;;;;;;;;;;;x
some_fake_1900_2;A powerful hurricane has hit the coast of Tejas, killing around 8,000 people.;;;;;;;;;;;;;x
some_fake_1900_title_3;Disaster!;;Desaster!;;;;;;;;;;;x
some_fake_1900_3;In Martinica, Mount Pelée has erupted, destroying the town of Saint-Pierre and killing over 30,000.;;;;;;;;;;;;;x
some_fake_1900_title_4;Disaster!;;Desaster!;;;;;;;;;;;x
some_fake_1900_4;Mount Vesuvius has erupted, devastating Naples.;;Der Vesuv ist ausgebrochen, Neapel in Schutt und Asche.;;;;;;;;;;;x
some_fake_1900_title_6;Disaster!;;Desaster!;;;;;;;;;;;x
some_fake_1900_6;An earthquake and tsunami has hit Sicilia, killing over 70,000 people.;;Erdbeben und Tsunami treffen Messina unnd Kalabrien in Sizilien, mehr als 70.000 tot.;;;;;;;;;;;x
some_fake_1900_title_7;The Captain of Köpenick;;Der Hauptmann von Köpenick;;;;;;;;;;;x
some_fake_1900_7;An impostor masquerading as a German military officer managed to fool soldiers in Berlin and steal over 4000 marks due to so-called suspicions of crooked bookkeeping. He gave a receipt. ;;Hochstapler gibt sich als deutscher Militäroffizier aus, trickst Soldaten in Berlin aus und stiehlt mehr als 4000 Mark wegen angeblich falscher Buchführung. Er gab eine Quittung.;;;;;;;;;;;x
some_fake_1910_title_1;Disaster!;;Desaster!;;;;;;;;;;;x
some_fake_1910_1;The Titanica, the largest ship ever built, has sunk after striking an iceberg in the North Atlantic during her maiden voyage, over 1,500 people are believed to have perished in the disaster.;;;;;;;;;;;;;x
some_fake_1910_title_2;Disaster!;;Desaster!;;;;;;;;;;;x
some_fake_1910_2;North Sea storm hits Francia, flooding the lowlands. 10,000 people believed dead.;;;;;;;;;;;;;x
some_fake_1910_title_3;Discovery!;;Entdeckung!;;;;;;;;;;;x
some_fake_1910_3;Hiram Bingham rediscovers Machu Picchu, a previously unknown Incan city.;;Hiram Bingham entdeckt Machu Pichu wieder, eine vormals unbekannte Inka-Stadt.;;;;;;;;;;;x
some_fake_1910_title_4;Smokers rejoice!;;Raucher frohlocket!;;;;;;;;;;;x
some_fake_1910_4;Zipper invented by Lord Zipper.;;;;;;;;;;;;;x
some_fake_1910_title_5;Breakfast is saved;;Frühstück gesichert;;;;;;;;;;;x
some_fake_1910_5;Carolus Strite invents the pop-up bread toaster.;;;;;;;;;;;;;x
some_fake_1910_title_6;Continental drift' postulated;;Kontinentaldrift angenommen;;;;;;;;;;;x
some_fake_1910_6;Alfred Voerman, a prominent Frankish scientist, has put forth the theory that the very continents upon which we stand could be moving about on the Earth's surface.;;;;;;;;;;;;;x
some_fake_1910_title_7;General relativity;;;;;;;;;;;;;x
some_fake_1910_7;Albért de Puachava has published his theory of general relativity, a sophisticated set of formulae which seeks to explain the relationship between space, time, gravity and a myriad of other forces.;;;;;;;;;;;;;x
some_fake_1910_title_8;Editorial:;;Redaktionelles:;;;;;;;;;;;x
some_fake_1910_8;This feminism will destroy western civilisation. Equality of the sexes is a depravity which no civilised people would contemplate. Why, feminism could lead to women drivers (pg. 10);;;;;;;;;;;;;x
some_fake_1910_title_9;Free inside:;;;;;;;;;;;;;x
some_fake_1910_9;A 'cross-word puzzle', a whimsical pastime which will nonetheless allow the reader to demonstrate the fortitude of their perspicacity. ;;Ein 'Kreuzwort-Rätsel', ein netter Zeitvertreib, mit dem unsere Leser ihren Scharfsinn demonstrieren können.;;;;;;;;;;;x
some_fake_1910_title_10;Li Fantaumas' ending controversy;;Kontroverse zum Ende von Sherlock Holmes;;;;;;;;;;;x
some_fake_1910_10;After a massive fan outcry due to the bittersweet death of the famous criminal genius, author Artorius Cynedd decides to bring him back from the dead, providing clarification and closure.;;;;;;;;;;;;;x
some_fake_1920_title_1;Flight record;;Flugrekord;;;;;;;;;;;x
some_fake_1920_1;Carl A. Månsson becomes the first person to fly solo across the Atlantic Ocean (May 20–21, 1927), nonstop from Trimontium to Bordelh.;;;;;;;;;;;x
some_fake_1920_title_2;To the stars!;;Zu den Sternen!;;;;;;;;;;;x
some_fake_1920_2;World’s first flight of a liquid-fueled rocket by Rubért Galdhart.;;;;;;;;;;;x
some_fake_1920_title_3;An end to beards?;;Das Ende der Bärte?;;;;;;;;;;;x
some_fake_1920_3;First electric razor patented by the Missorian manufacturer Pol Casqui.;;;;;;;;;;;x
some_fake_1920_title_4;The future of music;;;;;;;;;;;x
some_fake_1920_4;The first selective Jukeboxes introduced by the Automated Musical Instrument Company.;;;;;;;;;;;x
some_fake_1920_title_5;We don't know why;;Wir wissen nicht warum;;;;;;;;;;;x
some_fake_1920_5;Pole-sitting fad sweeps western world.;;Pfahlsitzen-Marotte erobert westl. Welt.;;;;;;;;;;;x
some_fake_1920_title_6;Editorial:;;Redaktionelles:;;;;;;;;;;;x
some_fake_1920_6;This 'television' genuinely will destroy western civilisation. Today, horrendous wooden puppets, tomorrow, horrendous drunken and lascivious twenty-somethings? (see page 10);;Fernseher werden westliche Zivilisation vernichten (mehr auf Seite 10);;;;;;;;;;;x
some_fake_1920_title_7;Editorial:;;Redaktionelles:;;;;;;;;;;;x
some_fake_1920_7;This 'jazz' will destroy western civilisation. Never in the history of music has such a corrupting rhythm been heard. The jungle beat has no place in our repressed society (pg. 10);;;;;;;;;;;x
some_fake_1920_title_8;The jazz craze!;;Der Jazz-Wahn!;;;;;;;;;;;x
some_fake_1920_8;A new fad has awakened the passions of the nation's music-listeners. Frenetic dancing, unchaperoned licentiousness and race-mixing are natural byproducts of this far out and wrong musical form.;;Musikliebhaber von neuer Marotte erfasst: Frenetische Tänze, Zuchtlosigkeit und Rassenvermischung sind Nebenprodukte dieser falschen Musikform.;;;;;;;;;;;x
some_fake_1920_title_9;Literary digest: Ulixes;;Literatur-Übersicht: Ulysees;;;;;;;;;;;x
some_fake_1920_9;Penned by Haibernaidd author of some repute, Iago Iudocus, 'Ulixes' describes one day in the life of a Dulyn protagonist merely living his life in a normal fashion, struggling... (continued on page 19);;;;;;;;;;;x
some_fake_1920_title_10;To Aegyptus!;;Auf nach Ägypten!;;;;;;;;;;;x
some_fake_1920_10;More astounding archaeological discoveries occured today in the Nile region, furthering the international fascination with all things Classical... (continued on page 2);;Weitere erstaunliche, archäologische Entdeckungen in der Nil-Region befeuern Faszination mit dem Orientalischen … (weiter auf Seite 2);;;;;;;;;;;x
some_fake_1920_title_11;Edifici architecture;;;;;;;;;;;x
some_fake_1920_11;A futuristic new artistic archetectural style, known as Edifici, has risen to prominence in the cities of Liyun, Bordelh and Marselha.;;;;;;;;;;;x
some_fake_1920_title_12;Oddball duo cause chaos;;;;;;;;;;;x
some_fake_1920_12;Two men, one fat and one thin, have appeared in court accused of mischief-making and general buffoonery. Due to the severity of the crime, which involved the demolition of a house and theft of an ass, prosecuters are expected to seek the death penalty.;;;;;;;;;;;x
some_fake_ANY_title_1;Dog bites a child.;;Hund beißt Kind.;;;;;;;;;;;x
some_fake_ANY_1;Vicious animal attack leaves community in shock, parents concerned with safety of their children demand action. ;;Brutale Tierattacken schockieren Gemeinde, Eltern fürchten um die Sicherheit ihrer Kinder und fordern Taten.;;;;;;;;;;;x
some_fake_ANY_title_2;Global cooling.;;Globale Abkühlung.;;;;;;;;;;;x
some_fake_ANY_2;Scientists warn another ice age might be starting as recorded temperatures drop from year to year.;;Forscher warnen vor neuer Eiszeit, da Temperaturen jährlich fallen.;;;;;;;;;;;x
some_fake_ANY_title_3;Missing child found;;Vermisstes Kind gefunden;;;;;;;;;;;x
some_fake_ANY_3;He was hiding in a barn! The missing child case resolved after extensive search by local volunteers discovers the child hiding in the nearby abandoned building.;;Versteckt in einer Scheune! Der Fall eines vermissten Kindes fand gutes Ende, nachdem engagierte Suchmannschaften es in einem nahen, verlassenen Gebäude fanden.;;;;;;;;;;;x
some_fake_ANY_title_5;Damsel brutally murdered;;Maid brutal ermordet;;;;;;;;;;;x
some_fake_ANY_5;The horrifically-mutilated corpse of a damsel was discovered yesterday tied to a train track. The public is advised to be on the lookout for a man with a large moustache, a top hat and a black opera cloak.;;Entsetzlich entstellter Körper einer jungen Maid wurde gestern, an Eisenbahnschienen gefesselt, gefunden. Fahndung nach Mann mit Schnauzbart, Zylinder und schwarzem Umhang läuft.;;;;;;;;;;;x
some_fake_ANY_title_6;Rabbit emerges from hat;;Der Hase aus dem Hut;;;;;;;;;;;x
some_fake_ANY_6;A man, who claimed to possess mystic powers, was seen to produce a rabbit from a top hat yesterday. He is currently being investigated on suspicion of unnatural practises.;;Ein Mann mit angeblich mystischen Kräften wurde gestern gesehen, als er einen Hasen aus dem Hut zauberte. Untersuchungen mit Verdacht auf unnatürliche Praktiken im Gange.;;;;;;;;;;;x
some_fake_ANY_title_7;A glimpse into the year 2000;;Ein Blick in das Jahr 2000;;;;;;;;;;;x
some_fake_ANY_7;A prominent futurologist has granted an insight into the distant year 2000 A.D. Speaking to our futurology correspondent, he said "By 2000 each landed gentleman will own at least 5 hot-air balloons".;;;;;;;;;;;x
some_fake_ANY_title_8;'Parvulus' relases new articles!;;;;;;;;;;;x
some_fake_ANY_8;The political and comedic collective known as 'The Shorty' has released more incendiary articles, interviewing a radical philosopher and penning a sharp satire of the government.;;;;;;;;;;;x
some_fake_ANY_title_9;12 Gored!;;12 aufgespießt!;;;;;;;;;;;x
some_fake_ANY_9;An enraged gentleman cow gored 5 men and 7 women to death yesterday. The gentleman cow, who had previously been of a gentle nature, was beheaded by a passing chimney-sweep.;;Wütender Bulle tötete gestern 5 Männer und 7 Frauen. Das vormals als sanft bekannte Tier wurde von einem vorbeikommendem Schornsteinfeger enthauptet.;;;;;;;;;;;x
some_fake_ANY_title_10;Bridge collapse!;;Brücke eingestürzt!;;;;;;;;;;;x
some_fake_ANY_10;Claims the life of a butcher just outside our nation's capital. The bucther, who was a character of some repute in the locality in question, is survived by his brother, a baker, and a son who manufactures and sells candlesticks.;;Ein Metzger wurde außerhalb unserer Hauptstadt in den Tod gerissen. Der lokal bekannte Metzger hinterlässt seinen Bruder, einen Bäcker und einen Sohn, der Kerzenhalter herstellt und verkauft.;;;;;;;;;;;x
some_fake_ANY_title_11;Balkans quiet;;Ruhe im Balkan;;;;;;;;;;;x
some_fake_ANY_11;Thracians, Macedonians, Dalmatians, Dacians, Jazygians, Romans, Albanians and Carantanians came together last Sunday to celebrate the great peace in which the Balkan peninsula presently bathes.;;;;;;;;;;;x
some_fake_ANY_title_12;Letter to the editor;;Brief an den Herausgeber;;;;;;;;;;;x
some_fake_ANY_12;A reader calls attention to careless ferry pilots putting lives of passengers at risk with their reckless full speed driving and risky manoeuvres. ;;Ein Leser warnt vor leichtsinnigen Fährenkapitänen, die mit rücksichtsloser Geschwindigkeit und riskanten Manövern das Leben ihrer Passagiere riskieren.;;;;;;;;;;;x
some_fake_ANY_title_13;The weather;;Das Wetter;;;;;;;;;;;x
some_fake_ANY_13;Probabilities for the next week: Cloudy and rainy, with north and north-east winds and lowering temperatures. ;;Aussichten für nächste Woche: Wolkig und Regen, mit Winden aus Nord und Nordost und niedrigen Temperaturen.;;;;;;;;;;;x
some_fake_ANY_title_14;Tragic city fire;;Tragisches Feuer in Stadt;;;;;;;;;;;x
some_fake_ANY_14;Fire Department blamed for demonstrating a lack of discipline and efficiency allowing fire to spread across multiple blocks leading to the biggest and most tragic city fire to date. ;;Feuerwache wegen fehlender Disziplin und Effizienz für das Ausbreiten eines Feuers über mehrere Häuser verantwortlich gemacht, das zum größten Brand aller Zeiten in der Stadt führte.;;;;;;;;;;;x
some_fake_ANY_title_15;Fishhook robbery!;;Angel-Raub;;;;;;;;;;;x
some_fake_ANY_15;Police inform us that a robber managed to steal a substantial amount of money from a teller's desk at a local bank using a fishhook and a stick while the teller was being distracted by an accomplice.;;Die Polizei berichtet vom Raub eines beachtlichen Geldbetrags in lokaler Bank unter Verwendung eines Angelhakens und Stockes, während Komplize den Kassenbeamten ablenkte.;;;;;;;;;;x;
some_fake_ANY_title_16;Let them jump!;;Lasst sie springen!;;;;;;;;;;;x
some_fake_ANY_16;If children have to be still it's a torture for them, scientists claim. Rapid movement of body being the correct expression of joy at very young age should be encouraged not frowned upon. ;;Forscher bezeichnen das Stillsitzen müssen von Kindern Folter. Ausdauernde Bewegung ist wichtig zum Ausdruck von Freude für kleine Kinder und sollte nicht unterdrückt werden.;;;;;;;;;;;x
some_fake_ANY_title_17;Wooden pavements;;Hölzerne Bürgersteige;;;;;;;;;;;x
some_fake_ANY_17;A new describes chemical processes of hardening wood to increase its endurance beyond that of traditional building materials. Should city boards begin paving streets with wooden panels?;;Neue Untersuchung enthüllt chemische Prozesse zur Härtung von Holz im Bauwesen. Sollte die Stadt Straßen mit Holz pflastern?;;;;;;;;;;;x
some_fake_ANY_title_18;Life without food?;;Leben ohne Nahrung?;;;;;;;;;;;x
some_fake_ANY_18;A man claiming he can abstain from food for at least 30 days and retain full physical and mental fitness challenges physicians to subject his abilities to a test. ;;Ein Mann behauptet, 30 Tage ohne Nahrung bei voller körperlicher und geistiger Stärke überleben zu können, und fordert Forscher heraus, ihn zu testen.;;;;;;;;;;;x
some_fake_ANY_title_19;Deadly fever;;Fatales Fieber;;;;;;;;;;;x
some_fake_ANY_19;Two sailors from a brig returning from tropical areas are reported to have died of an unknown fever. They experienced severe chills followed by extreme thirst and delusions until both eventually perished.;;Zwei aus den Tropen heimkehrende Seefahrer sind an einem unbekannten Fieber gestorben. Die Symptome reichen von Schüttelfrost über extremen Durst bis hin zu Wahnvorstellungen.;;;;;;;;;;;x
some_fake_ANY_title_20;Artificial diamonds;;Künstliche Diamanten;;;;;;;;;;;x
some_fake_ANY_20;A European chemist claims by the process known only to himself he managed to coat an ordinary crystal with a surface resembling in every respect that of a real diamond. ;;Europäischer Chemiker behauptet, mit einem nur ihm bekannten Prozess einen normalen Kristall mit Material ummantelt zu haben, der ihn in allen Aspekten zum Diamanten macht.;;;;;;;;;;;x
some_fake_ANY_title_22;Letter from God;;Brief von Gott;;;;;;;;;;;x
some_fake_ANY_22;One of the poor members of our society receiving a charity letter marked as "from God" responded by giving thanks for the money received, but warns the deity against tax levy and post office theft.;;Ein armes Mitglied unserer Gesellschaft dankt dem Sender eines Almosenbriefes “von Gott” für erhaltenes Geld, warnt Sender jedoch vor Steuerforderungen und Briefraub.;;;;;;;;;;;x
some_fake_ANY_title_23;Medical news;;Medizin-Neuheiten;;;;;;;;;;;x
some_fake_ANY_23;Top European doctors have speculated that smoke from factory stacks could be responsible for the increased level of respiratory problems seen amongst children.;;Führende europäische Ärzte verdächtigen Rauch aus Fabrikschloten als Ursache für Zunahme von Atemstörungen unter Kindern.;;;;;;;;;;;x
some_fake_ANY_title_24;Vampyre hysteria;;Vampir-Hysterie;;;;;;;;;;;x
some_fake_ANY_24;Another outbreak of vampyre hysteria has occurred in Romanian lands. Superstitious peasants have taken to daubing their necks with garlic in a bid to ward off the nefarious ghouls.;;Ein neuer Fall von Vampir-Hysterie in Rumänien. Abergläubische Passanten schmieren Nacken mit Knoblauch ein, zum Schutz vor bösartigen Ghulen.;;;;;;;;;;;x
some_fake_ANY_title_25;Wolves kill four;;Wölfe töten vier;;;;;;;;;;;x
some_fake_ANY_25;A pack of wolves raided a town in Siberia last week and killed four of the inhabitants. Armed policemen have been dispatched to the area to hunt down the lupine beasts.;;Ein Wolfsrudel überfiel letzte Woche ein Dorf in Sibirien und tötete vier Einwohner. Bewaffnete Polizeikräfte jagen die Bestien.;;;;;;;;;;;x
some_fake_ANY_title_26;Horrific puppets;;Schreckliche Puppen;;;;;;;;;;;x
some_fake_ANY_26;Ghastly puppets have become a generally accepted part of daily life. The latest terrifying abomination to make its presence felt is a smiling wooden boy with a fixed grin, styled “Bimbo”.;;Schreckliche Puppen finden mehr Akzeptanz. Neueste Abartigkeit ist ein debil grinsender Holzjunge im Bimbo-Stil.;;;;;;;;;;;x
some_fake_ANY_title_27;Drinking contest;;Trinkwettbewerb;;;;;;;;;;;x
some_fake_ANY_27;The Geatish drunk Ville Welanus bested rivals from Bulgaria and Caledonia in an alcohol-consuming contest in Petropolis last week. He attributed his victory to ‘sheer love of booze’ from his hospital bed.;;;;;;;;;;;x
some_fake_ANY_title_28;Oldest man;;Ältester Mann;;;;;;;;;;;x
some_fake_ANY_28;Respected gentleman Hieronymus Ananias has been named oldest man alive. Ananias, from the Mississippi Delta, politely entreated reporters from this news-paper to remove themselves from his lawn.;;;;;;;;;;;x
some_fake_ANY_title_29;BANK ROBBERY!;;BANKRAUB!;;;;;;;;;;;x
some_fake_ANY_29;Local bank in $ANYPROVINCE$ has been invaded by a masked gang of ne'er-do-wells. The police are searching for the criminals and is granting a reward for any information leading to their capture.;;Lokale Bank in $ANYPROVINCE$ von maskierter Gang überfallen. Die Fahndung nach den Kriminellen läuft, eine Belohnung für Informationen, die zur Ergreifung führen, wurde ausgesprochen.;;;;;;;;;;;x
some_fake_ANY_title_30;Piano Cat on tour;;Klavierkatze auf Tour;;;;;;;;;;;x
some_fake_ANY_30;The famous feline pianist known simply as the Piano Cat is scheduled to arrive in $OURCAPITAL$ this week. The cat artist is expected to play a series of classical pieces.;;Die als Klavierkatze berühmte Katzenpianistin wird diese Woche in $OURCAPITAL$ ankommen. Sie soll eine Reihe klassischer Stücke spielen.;;;;;;;;;;;x
some_fake_ANY_title_31;Special Lectures;;Spezial-Vorlesungen;;;;;;;;;;;x
some_fake_ANY_31;The Council of Science of $OURCAPITAL$ is to present a series of special lectures on the origins of civilisation in the Fertile Crescent. Special presentations of pottery shards from Tyre are planned.;;Der Wissenschaftsrat von $OURCAPITAL$ wird eine Reihe von Spezial-Vorlesungen zu den Ursprüngen der Zivilisation im Fruchtbaren Halbmond halten. Eine Präsentiation von Tonscherben aus Tyros ist eingeplant.;;;;;;;;;;;x
some_fake_ANY_title_32;HEED! HEED!;;ACHTUNG! ACHTUNG!;;;;;;;;;;;x
some_fake_ANY_32;A storm of gigantic proportions is incoming. Instructions from Public Safety officials are: Do not sweep any chimneys during the storm. Accidents may occur if this warning is not heeded.;;Ein Sturm von gigantischem Ausmaß wird erwartet. Offizielle der öffentlichen Sicherheit raten: Reinigt keine Kamine während des Sturms, andernfalls drohen Unfälle.;;;;;;;;;;;x
some_fake_ANY_title_34;Trade Summit;;Handels-Gipfeltreffen;;;;;;;;;;;x
some_fake_ANY_34;Current European and International Tariffs as well as protectionist practices will be discussed next Thursday in $OURCAPITAL$.;;Aktuelle europäische und internationale Zölle und Schutzmaßnahmen werden nächsten Donnerstag in $OURCAPITAL$ diskutiert.;;;;;;;;;;;x
some_fake_ANY_title_35;Postal Convention;;Tagung der Post;;;;;;;;;;;x
some_fake_ANY_35;Today $OURCOUNTRY_ADJ$ and foreign authorities are assembled to discuss postage fees for all letters sent overseas.;;$OURCOUNTRY_ADJ$ und ausländische Offizielle diskutieren heute Postgebühren für Überseebriefe.;;;;;;;;;;;x
some_fake_ANY_title_36;Modern Coal Trade;;Moderner Kohlehandel;;;;;;;;;;;x
some_fake_ANY_36;The free trade of coal for railway locomotives and eventually seafaring ships in the western world is being discussed today at the local Chamber of Commerce.;;Die Handelskammer diskutiert heute über den freien Kohlehandel für Lokomotiven und Schifffahrt in der westlichen Welt.;;;;;;;;;;;x
some_fake_ANY_title_37;Man with unnatural skin tone studied;;;;;;;;;;;x
some_fake_ANY_37;A man with alarmingly orange skin has recently been the subject of study at a local university. His unnatural skin coloration may have impacted his mental health.;;;;;;;;;;;x
some_fake_ANY_title_38;General's funeral.;;General-Beerdigung;;;;;;;;;;;x
some_fake_ANY_38;A former general and banker who died at his house last week to be buried today. Only his intimate friends will be present at the ceremony.;;Ein Ii seinem Haus verstorbener, früherer General und Banker wird heute im engsten Freundeskreis beerdigt. ;;;;;;;;;;;x
some_fake_ANY_title_39;Mountain top birth;;Geburt auf Berggipfel;;;;;;;;;;;x
some_fake_ANY_39;A woman who fell ill during ascension to the mountain top was taken by her two companions to a shelter 4000 feet above sea level to give birth to a healthy boy.;;Während Bergaufstiegs erkrankte Frau wird von zwei Begleitern zu Schutzhütte auf 4000 Metern gebracht und bringt gesunden Jungen zur Welt.;;;;;;;;;;;x
some_fake_ANY_title_40;Moral expansion?;;Moralische Ausdehnung?;;;;;;;;;;;x
some_fake_ANY_40;Can we allow history to record that we crushed foreign peoples' dreams of freedom by subjugating them to our government? Can we govern them without their consent?;;Ist es rechtens, den Traum nach Freiheit ausländischer Völker von unserer Regierung zu unterdrücken und sie ohne ihre Zustimmung zu regieren?;;;;;;;;;;;x
some_fake_ANY_title_41;Blackmailer arrested.;;Erpresser verhaftet.;;;;;;;;;;;x
some_fake_ANY_41;A former actor and an alleged deserter from the army was today jailed for annoying a famous actress with requests for money.;;Ehemaliger Schauspieler und mutmaßl. Deserteur der Armee heute verhaftet wegen Geldforderungen an bekannter Schauspielerin.;;;;;;;;;;;x
some_fake_ANY_title_42;Skirting evil;;Böse Rocklänge;;;;;;;;;;;x
some_fake_ANY_42;Fashion cannot dictate the dust of the sidewalks to be dragged into homes, a physician claims, and demands women abandon the new trend of wearing trailing skirts for health reasons.;;;;;;;;;;;x
some_fake_ANY_title_43;Faith cure kills child;;Heilung durch Gebet  tötet Kind;;;;;;;;;;;x
some_fake_ANY_43;A 12 yearsold girl sick with dysentery died at a local hospital after parents replaced the family physician with a faith doctor.;;12 Jahre altes Mädchen stirbt in Krankenhaus, nachdem Eltern den Familienarzt durch Prediger ersetzen.;;;;;;;;;;;x
some_fake_ANY_title_44;Respect of Yardies gained!;;Respekt der Yardies verdient!;;;;;;;;;;;x
some_fake_ANY_44;A local man from $ANYPROVINCE$ reports having beat down many men armed with rifles in a local pub. The man claimd the assailants put themselves at a disadvantage by using weapons.;;Einwohner von $ANYPROVINCE$ schlägt mit Gewehren bewaffnete Männer in Bar. Er behauptet, die Waffen waren ihr Nachteil.;;;;;;;;;;;x
some_fake_ANY_title_45;Article review;;Artikel-Review;;;;;;;;;;;x
some_fake_ANY_45;All newspaper articles to be subjected to a review by a special board to confirm their accuracy and truthfulness. In unrelated news: The journalist writing about wooden pavements has vanished.;;Alle Nachrichten werden von einem speziellen Team auf Genauigkeit und Wahrheit geprüft. Davon unabhängig: Journalist, der von hölzernem Straßenbelag berichtete, wird vermisst.;;;;;;;;;;;x
some_fake_ANY_title_46;Law discussed;;Gesetz-Diskussion;;;;;;;;;;;x
some_fake_ANY_46;Lawyers from all over the country convened today in $OURCAPITAL$ to discuss eventual updates to the country's judiciary system in matters of civil and criminal law.;;Anwälte aus gesamtem Land trafen sich heute in $OURCAPITAL$, um mögliche Gesetzesaktualisierungen im zivilen und Straf-Recht zu diskutieren.;;;;;;;;;;;x
some_fake_ANY_title_48;The history of $OURCOUNTRY$;;Die Geschichte von $OURCOUNTRY$;;;;;;;;;;;x
some_fake_ANY_48;A definitive multivolume work on the history of the $OURCOUNTRY_ADJ$ civilization has finally been completed. Leading historians proclaim it the greatest reference yet, true to our heroic deeds.;;Ein mehrere Bänder umfassendes Werk zur Geschichte der $OURCOUNTRY_ADJ$ Zivilisation wurde fertiggestellt. Führende Historiker nennen es die beste Referenz all unserer heroischen Taten.;;;;;;;;;;;x
some_fake_ANY_title_49;Cithara Concert;;Bach-Konzert;;;;;;;;;;;x
some_fake_ANY_49;A dash of nostalgia for all enthusiasts of music. A collection of Cobelius' most famous cithara pieces will be played by the $OURCOUNTRY_ADJ$ National Orchestra next week in the Grand Concert Hall of $OURCAPITAL$. ;;;;;;;;;;;x
some_fake_ANY_title_50;Stone delivered;;Stein geliefert;;;;;;;;;;;x
some_fake_ANY_50;Inhabitants of $ANYPROVINCE$ puzzled by the delivery of gigantic pieces of marble from abroad. Rumour has it that a new grandiose monument will be built in the capital's main square.;;Einwohner von $ANYPROVINCE$ beeindruckt von einer Lieferung gigantischer Marmorblöcke von Übersee. Gerüchten zufolge wird ein neues, grandioses Monument auf dem Marktplatz der Hauptstadt errichtet.;;;;;;;;;;;x
some_fake_ANY_title_51;Mechanical contraptions;;Mechanische Geräte;;;;;;;;;;;x
some_fake_ANY_51;Gadgets of various sorts will play an increasingly large part in everyday life, according to a top boffin who heads the engineering department at $OURCAPITAL$ university.;;Wichtiger Wissenschaftler der Ingenieurs-Abteilung der Universität von $OURCAPITAL$ sieht verschiedene Neuheiten von großer Bedeutung für den Alltag.;;;;;;;;;;;x
some_fake_ANY_title_52;Blacksmith dead;;Schmied tot;;;;;;;;;;;x
some_fake_ANY_52;A blacksmith was kicked to death by a horse he was attempting to shoe in $ANYPROVINCE$ yesterday.;;Schmied bei Hufanpassungen von Pferd in $ANYPROVINCE$ gestern zu Tode getreten.;;;;;;;;;;;x
some_fake_ANY_title_53;Solar eclipse;;Sonnenfinsternis;;;;;;;;;;;x
some_fake_ANY_53;Readers are politely reminded that a solar eclipse is due to occur this coming Friday. The temporary phenomenon is no cause for panic or work stoppages.;;Kommenden Freitag wird eine Sonnenfinsternis erwartet. Das Phänomen ist kein Grund zu Panik oder Arbeitsausfällen.;;;;;;;;;;;x
some_fake_ANY_title_54;Monocle sales plateau;;Monokel-Käufe auf Hochstand;;;;;;;;;;;x
some_fake_ANY_54;Monocle sales, which have been rising for decades, appear to have levelled out. Orders have held steady through the last quarter.;;In den letzten Jahrzehnten stetig wachsende Monokel-Käufe scheinbar stabilisiert. Aufträge im letzten Quartal konstant.;;;;;;;;;;;x
some_fake_ANY_title_55;Time travel;;Zeitreise;;;;;;;;;;;x
some_fake_ANY_55;A prominent author of penny dreadfuls has put forth the idea that man could move backwards and forwards through time, appearing at various dates in the past and present.;;Berühmter Groschenroman-Autor entwickelt Idee, das Menschen in der Zeit vor und zurück reisen und zu verschiedenen Zeiten in Vergangenheit und Zukunft erscheinen können.;;;;;;;;;;;x
some_fake_ANY_title_56;Literacy;;Bildung;;;;;;;;;;;x
some_fake_ANY_56;Literacy is at an all-time high across the globe, new figures show. Previously the preserve of the clergy and noble classes, it is now seen even amongst the common labourer and fairer sex.;;Neue Höchstwerte weltweit erreicht. Bildung nicht länger Privileg des Klerus und Adels, auch  ungelernte Arbeiter und das schöne Geschlecht nehmen teil.;;;;;;;;;;;x
some_fake_ANY_title_57;Public ‘science’ lecture;;Öffentliche 'Forschungs'-Lesung;;;;;;;;;;;x
some_fake_ANY_57;Aspiring natural philosophers are advised that a lecture on geology, or the study of rock formations, will take place in the $OURCAPITAL$ auditorium on Tuesday next. Admission is £1.;;Freunde der Naturphilosophie wird interessieren, dass nächsten Dienstag ein Vortrag zu Felsformationen und Geologie im Auditorium von $OURCAPITAL$ zum Eintrittspreis von  ¤1 stattfindet.;;;;;;;;;;;x
some_fake_ANY_title_58;Meeting interrupted;;Gestörtes Treffen;;;;;;;;;;;x
some_fake_ANY_58;A political club was invaded by campaigners for equality of the sexes yesterday. The womens' husbands have been reprimanded by the constabulary for neglecting to control their wives.;;Ein politischer Club wurde gestern von Aktivisten zur Gleichstellung der Geschlechter überrannt. Die Ehemänner wurden für die mangelnde Kontrolle ihrer Frauen von der Gendarmerie gemaßregelt.;;;;;;;;;;;x
some_fake_ANY_title_59;The Gothic Man;;;;;;;;;;;x
some_fake_ANY_59;The Gothic maintains a dignified demeanor, has a strong sense of fair play and is an advocate of liberty. Inventive, graceful and witty, he cuts a striking figure amongst the nationalities.;;;;;;;;;;;x
some_fake_ANY_title_60;Wave of Influenza;;Grippewelle;;;;;;;;;;;x
some_fake_ANY_60;Flu sweeps $OURCOUNTRY$. There are already many reported infections throughout the land. Laymen fear a pandemic might be coming, while experts assure it's just a seasonal occurrence.;;Die Grippe beutelt $OURCOUNTRY$. Infektionen breiten sich aus. Laien fürchten eine Pandemie, Experten werten die Situation als saisonale Begebenheit.;;;;;;;;;;;x
some_fake_ANY_title_61;Hoarde uncovered;;Goldschatz entdeckt;;;;;;;;;;;x
some_fake_ANY_61;The remnants of an old coin hoard were found in $ANYPROVINCE$ this week. Authorities mention many pieces of golden coinage discovered by a farmer plowing a field after heavy rain.;;Die Reste eines alten Goldschatzes wurden diese Woche in $ANYPROVINCE$ entdeckt. Offizielle melden Unmenge an Goldmünzen, die von Bauern in der Feldarbeit im Regen ausgegraben wurden.;;;;;;;;;;;x
some_fake_ANY_title_62;Metric Nonsense;;Metrischer Unsinn;;;;;;;;;;;x
some_fake_ANY_62;According to a Gothic statesman, the Imperial System is the way of the future: 'This Britannian Metric nonsense is bound to never catch on' he claims.;;;;;;;;;;;x
EVTDESC23400_NEWS_LONG;The combination of renewed interest in Ancient Greek civilization and the idea of sport as an important part of social development has led a Frankish aristocrat, Baron Paul van Colbert, to propose reviving the Olympic Games as a way to promote international peace through friendly athletic competition between nations. The largest sporting event to date, the first Olympic Games hosts participants who competed in nine disciplines, including wrestling, weightlifting, fencing and cycling. Winners in each discipline receive a silver medal, an olive branch and a diploma.;;;;;;;;;;;x
EVTDESC23400_NEWS_MEDIUM;The combination of renewed interest in Ancient Greek civilization and the idea of sport as an important part of social development has led a Frankish aristocrat, Baron Paul van Colbert, to propose reviving the Olympic Games to promote international peace through athletic competition.;;;;;;;;;;;x
EVTDESC23400_NEWS_SHORT;The renewed interest in Ancient Greek civilization and the idea of sport as a part of social development has led a Frankish aristocrat, Baron Paul van Colbert, to revive the Olympic Games.;;;;;;;;;;;x